Name,,,Div.,Gen.,Ovr.,Swim,Bike,Run,Overall,DPI
Daniela CisternasF18-24,CL,#1098,4,147,897,44:11:00,3:11:51,2:15:30,6:17:17,82.9
Taynara Bonetti Da SilveiraF18-24,BR,#1102,3,32,407,30:51:00,2:50:39,1:58:50,5:24:05,91.8
Gabriela Quass FederighiF18-24,BR,#1099,6,199,1056,41:31:00,3:22:44,2:37:43,6:50:37,78.2
Julia IglesiasF18-24,BR,#1100,1,3,98,30:22:00,2:31:06,1:39:38,4:43:44,100
Leticia Gois AvansiF18-24,BR,#1101,7,231,1144,47:49:00,3:41:39,2:50:03,7:28:43,73.4
Bruna StolfF18-24,BR,#1097,2,25,358,32:43:00,2:45:00,1:57:55,5:19:40,92.7
Isabel Lobo MonteiroF18-24,BR,#1381,5,157,928,45:10:00,2:54:22,2:33:18,6:21:25,82.3
Dhan ClaesF25-29,BE,#1106,11,97,742,38:04:00,2:54:10,2:18:23,5:57:03,91.8
Sílvia JácomoF25-29,BR,#1121,7,69,617,38:18:00,3:00:42,1:59:21,5:45:22,93.6
Isa GratãoF25-29,BR,#1108,4,30,392,36:09:00,2:49:32,1:52:18,5:22:37,97.4
Maria Francisca Castillo LabbeF25-29,CL,#1112,9,79,672,41:59:00,2:55:20,2:06:31,5:50:06,92.9
Thais Lopes HenriquesF25-29,BR,#1122,6,54,559,37:50:00,2:51:57,2:06:04,5:39:24,94.6
Natália SantosF25-29,BR,#1119,16,122,827,41:20:00,2:55:44,2:23:40,6:08:30,90.1
Viviane PessagnoF25-29,BR,#1123,3,27,378,36:26:00,2:42:40,1:57:44,5:21:23,97.6
Mariana Clara Loma SchutzeF25-29,BR,#1114,20,221,1122,50:29:00,3:21:58,2:55:59,7:16:41,81
Annelies CroonsF25-29,BE,#1104,12,112,802,43:30:00,3:01:09,2:14:08,6:04:28,90.7
Andressa AmaralF25-29,BR,#1103,13,113,803,48:15:00,2:54:03,2:17:14,6:04:40,90.7
Juliana Graciano De ResendeF25-29,BR,#1109,18,167,945,--:--,--:--,--:--,6:23:30,
Mariana Carrara de MoraesF25-29,BR,#1113,19,185,1009,52:22:00,3:10:15,2:28:35,6:36:07,86.2
Mayla MoraesF25-29,BR,#1116,1,16,294,38:39:00,2:41:28,1:48:51,5:12:24,99.2
Nathalia NogueiraF25-29,BR,#1120,15,119,821,53:33:00,2:56:22,2:10:33,6:07:53,90.2
Natalia SalemaF25-29,BR,#1118,5,53,557,42:15:00,2:54:54,1:54:44,5:39:03,94.7
Marcela RasuckF25-29,BR,#1110,2,22,324,38:27:00,2:53:41,1:38:54,5:15:50,98.6
Barbara Alcarde De CamposF25-29,BR,#1105,14,114,805,44:39:00,2:58:23,2:12:49,6:05:17,90.6
Dominique Vlavianos GuillaumonF25-29,BR,#1107,17,125,844,37:00:00,3:08:50,2:17:41,6:10:00,89.9
Mirelle FariasF25-29,BR,#1117,8,73,632,36:11:00,3:04:08,1:59:51,5:46:17,93.5
María Belén Sáez LagosF25-29,CL,#1111,10,94,730,41:09:00,3:01:23,2:06:26,5:55:57,92
Carla Paola Cruz CorreaF30-34,BO,#1130,8,28,379,47:24:00,2:47:09,1:39:36,5:21:26,92.8
Amanda MelloF30-34,BR,#1126,35,194,1030,48:16:00,3:16:50,2:27:42,6:41:20,80.4
Helena Mariana De FelippeF30-34,BR,#1143,33,189,1017,49:32:00,3:26:18,2:16:26,6:37:31,80.9
Heloisa Helena CustódioF30-34,BR,#1144,39,228,1135,42:24:00,3:31:33,2:57:50,7:21:55,75.3
Juliana AlbuquerqueF30-34,BR,#1149,23,115,807,42:26:00,3:01:20,2:14:43,6:05:23,85.6
Elis CarreiroF30-34,BR,#1141,40,236,1162,44:10:00,4:00:12,2:51:04,7:48:28,72.3
Alkine RissiF30-34,BR,#1125,27,144,890,50:39:00,3:05:32,2:16:07,6:16:21,83.9
Natalia HeimannF30-34,BR,#1164,11,46,509,40:23:00,2:48:31,2:01:08,5:34:33,90.5
Javiera Perez De AlbenizF30-34,CL,#1146,14,59,573,39:38:00,3:03:52,1:52:27,5:40:52,89.4
Thainá Grandinetti Gouvêa Conde IervolinoF30-34,BR,#1174,18,76,650,36:20:00,3:04:12,2:03:08,5:47:50,88.3
Larissa FabriniF30-34,BR,#1151,1,4,120,35:45:00,2:34:21,1:33:17,4:47:22,99.3
Nicole Povel Rocha MelloF30-34,BR,#1167,31,173,975,38:46:00,3:02:21,2:42:54,6:29:46,82
Tatiane OrsiF30-34,BR,#1173,16,68,614,39:10:00,2:55:41,2:02:27,5:44:59,88.8
Manuela Lereno MachadoF30-34,BR,#1152,5,20,317,35:05:00,2:48:48,1:46:30,5:15:17,93.9
Pamela Lo DucaF30-34,BR,#1168,4,17,304,37:11:00,2:37:41,1:53:32,5:13:15,94.3
Luana Sampaio Dos FreitasF30-34,BR,#898,38,225,1129,48:07:00,3:48:44,2:31:48,7:18:09,75.8
Nathalia Pereira AmorimF30-34,BR,#1166,9,37,459,31:38:00,2:52:09,1:59:54,5:28:31,91.5
Maria CabreraF30-34,BR,#1153,19,80,677,42:30:00,2:59:12,2:02:17,5:50:35,87.9
Izadora RochaF30-34,BR,#1145,26,140,880,43:49:00,2:56:51,2:29:41,6:14:52,84.1
Carolina Queiroz De Oliveira SouzaF30-34,BR,#1134,24,121,824,41:38:00,3:14:16,2:06:04,6:08:09,85.1
Marina AmorimF30-34,BR,#1158,32,175,980,46:39:00,3:28:31,2:07:26,6:30:47,81.9
Tatiana FonsecaF30-34,BR,#1172,34,192,1023,51:26:00,3:19:43,2:19:44,6:39:25,80.7
Monique RuffiF30-34,BR,#1162,21,96,741,42:42:00,2:58:07,2:06:18,5:57:01,86.8
Mariana De Pontes MatelaF30-34,BR,#1156,17,70,620,41:33:00,2:47:38,2:11:51,5:45:33,88.7
Anne Priscila PorfirioF30-34,BR,#1128,7,24,352,37:48:00,2:45:19,1:51:41,5:19:03,93.2
Juliana Rocha RodriguesF30-34,BR,#1150,30,166,943,40:44:00,3:01:08,2:34:34,6:23:20,82.9
Anaisla KoblitzF30-34,BR,#1127,22,105,770,42:59:00,3:00:17,2:11:16,5:59:51,86.4
Sarah ToupalF30-34,US,#1170,28,155,919,43:18:00,3:16:40,2:08:08,6:20:22,83.3
Denise FernandesF30-34,BR,#1140,29,163,938,42:08:00,3:09:27,2:25:16,6:22:51,83
Daniela Cristina De Oliveira BuenoF30-34,BR,#1136,36,222,1125,47:24:00,3:38:53,2:43:56,7:17:28,75.9
Fernanda Camargo FerreiraF30-34,BR,#1142,20,93,728,41:22:00,3:03:10,2:05:25,5:55:48,87
Marina JacobF30-34",BR,#1159,2,5,133,40:12:00,2:35:42,1:29:39,4:49:42,98.8
Mireia MasipF30-34",ES,#1160,3,7,158,35:06:00,2:32:34,1:42:02,4:53:39,98
Marília CesárioF30-34,BR,#1157,6,21,321,37:47:00,2:43:43,1:49:32,5:15:33,93.9
Dara BlancoF30-34,PY,#1138,25,133,863,43:15:00,3:13:03,2:09:16,6:12:16,84.5
Carolina MilitãoF30-34,BR,#1132,10,42,489,38:52:00,2:49:16,1:56:29,5:31:50,91
Carmen Montaño FloresF30-34,BO,#1131,15,65,606,41:29:00,2:55:20,2:00:30,5:43:56,88.9
Bruna SeibertF30-34,BR,#1129,36,222,1125,45:59:00,3:35:37,2:43:21,7:17:28,75.9
Alejandra Andrea Vergara TapiaF30-34,CL,#1124,13,49,533,37:18:00,2:39:50,2:16:02,5:36:52,90.1
Vanessa Ribeiro De Sousa SantosF30-34,BR,#1175,12,48,512,37:49:00,2:43:32,2:07:57,5:35:13,90.4
Patricia SigristF35-39,BR,#1230,65,226,1130,47:28:00,3:28:41,2:56:47,7:20:36,73.6
Sara De Sousa MarecoF35-39,BR,#1237,34,104,768,51:48:00,2:58:41,2:04:24,5:59:46,84.3
Marta Marina EilertF35-39,AR,#1225,66,233,1152,49:04:00,3:28:32,3:12:09,7:40:19,71.4
Simone NoronhaF35-39,BR,#1240,62,205,1077,53:26:00,3:23:01,2:31:35,6:56:47,76.5
Aluska RodriguesF35-39,BR,#1181,44,129,858,45:31:00,2:58:37,2:18:57,6:11:49,82.5
Camila GiraldelloF35-39,BR,#1189,33,101,757,38:22:00,2:42:29,2:32:16,5:58:59,84.4
Thais WahbaF35-39,BR,#1243,11,35,455,38:39:00,2:46:26,1:59:37,5:28:21,89.4
Vanessa MedeirosF35-39,BR,#1247,40,120,823,40:18:00,3:00:54,2:19:22,6:07:58,83.1
Juliana MafraF35-39",BR,#1214,3,8,202,31:43:00,2:36:04,1:47:58,4:59:55,94.5
Juliana Jardim Casimiro AraújoF35-39,BR,#1213,12,36,458,43:47:00,2:44:41,1:55:28,5:28:30,89.3
Janira MeneghettiF35-39,BR,#1209,31,95,732,37:49:00,2:56:51,2:16:39,5:56:07,84.9
Ana AlencarF35-39,BR,#1182,14,45,504,44:03:00,2:51:03,1:52:38,5:34:04,88.4
Juliane Verdade MachadoF35-39,BR,#1215,22,67,613,47:07:00,2:52:25,1:57:06,5:44:45,86.7
Daniele Regina Souza DuarteF35-39,BR,#1197,36,107,776,45:00:00,3:11:29,1:57:58,6:00:46,84.2
Carolina Leite AlonsoF35-39,BR,#1191,7,18,310,36:39:00,2:46:27,1:46:07,5:13:52,91.9
Joana OliveiraF35-39,BR,#1210,42,126,846,38:03:00,3:08:38,2:16:55,6:10:19,82.7
Silvia Inês RibeiroF35-39,BR,#1238,35,106,773,48:49:00,2:57:26,2:08:01,6:00:07,84.3
Adriana Vasconcelos CoutinhoF35-39,BR,#1176,16,51,552,39:56:00,2:45:49,2:07:44,5:38:17,87.7
Paula RovaniF35-39,BR,#1231,4,9,212,37:34:00,2:39:31,1:39:49,5:00:56,94.3
Simone CarneiroF35-39,BR,#1239,59,196,1052,48:03:00,3:19:37,2:29:43,6:50:07,77.3
Valeria MustafaF35-39,BO,#1245,32,99,745,38:36:00,3:09:50,1:59:47,5:57:41,84.6
Elina FádellF35-39,BR,#1199,48,149,902,45:00:00,3:05:48,2:19:19,6:17:40,81.7
Patricia BaezaF35-39,CL,#1227,24,77,662,38:37:00,2:48:01,2:17:38,5:49:15,85.9
Antonella OrtizF35-39,CL,#1186,60,197,1054,50:20:00,3:23:17,2:28:47,6:50:14,77.3
Fernanda KasaiF35-39,BR,#1202,57,186,1010,44:41:00,3:20:33,2:22:15,6:36:08,79.1
Fernanda GonçalvesF35-39,BR,#1201,37,116,808,47:41:00,3:05:05,2:03:46,6:05:29,83.5
Andrea Soledad MoralesF35-39,AR,#1185,6,15,271,38:47:00,2:35:30,1:50:32,5:09:16,92.7
Ana Cecilia Cançado Xavier NascimentoF35-39,BR,#1183,5,11,248,40:30:00,2:46:29,1:33:40,5:06:10,93.3
Denise LorenzoniF35-39,BR,#1198,13,41,488,40:10:00,2:53:54,1:53:22,5:31:41,88.8
Cristiane SadzinskiF35-39,BR,#1195,17,52,554,39:32:00,2:55:07,1:58:34,5:38:42,87.6
Carolina PozzoliF35-39,BO,#1192,28,86,700,45:26:00,2:55:01,2:03:05,5:53:18,85.3
Isabela CecereF35-39,BR,#1207,64,219,1115,46:43:00,3:33:57,2:42:41,7:13:04,74.5
Kessia GamaF35-39,BR,#1216,52,168,951,1:03:10,3:05:02,2:08:13,6:25:09,80.6
Patricia Berenstein PereiraF35-39,BR,#1228,9,26,371,38:20:00,2:43:33,1:52:26,5:20:56,90.6
Lori SilvaF35-39,US,#1218,15,50,545,42:15:00,2:49:31,1:59:12,5:37:44,87.8
Camila Cristina Vergilio Lima VergilioF35-39,BR,#1188,47,148,900,40:31:00,3:15:17,2:15:05,6:17:35,81.7
Sabrina Yuri Hatayama ShiraishiF35-39,BR,#1236,26,83,684,42:09:00,2:57:40,2:05:05,5:51:29,85.6
Flávia Valente Porto MachadoF35-39,BR,#1204,46,139,879,42:51:00,2:59:26,2:27:04,6:14:46,82.1
Julia AbreuF35-39,BR,#1211,61,198,1055,46:27:00,3:14:27,2:40:39,6:50:33,77.3
Rharana RibeiroF35-39,BR,#1234,25,81,679,42:14:00,2:55:33,2:06:48,5:50:46,85.7
Alline Simoes FerreiraF35-39,BR,#1180,49,153,914,48:52:00,3:04:00,2:17:59,6:18:53,81.5
Alba Marina Gaona De RossatoF35-39,PY,#1177,27,85,699,43:31:00,2:54:19,2:10:12,5:53:15,85.3
Marcela Takabatake De PaivaF35-39,BR,#1219,38,117,811,38:15:00,3:04:42,2:19:54,6:06:42,83.3
Talita Chame BittencourtF35-39,BR,#1241,54,178,987,56:40:00,2:59:41,2:28:26,6:31:58,79.7
Larissa Berber Arias SlapelisF35-39,BR,#1217,20,64,605,42:05:00,2:51:06,2:05:46,5:43:42,86.8
Graziela Tomasi BertoliniF35-39,BR,#1206,43,127,847,45:04:00,3:03:16,2:14:51,6:10:23,82.7
Julia CamposF35-39,BR,#1212,55,179,992,46:31:00,3:23:17,2:16:24,6:32:51,79.6
Vivian OliveiraF35-39,BR,#1248,10,29,380,44:02:00,2:52:37,1:38:36,5:21:27,90.6
Natalia Cristine Sales Santos MachadoF35-39,BR,#1226,53,172,972,55:06:00,3:00:59,2:27:59,6:29:25,80
Aline JosinoF35-39,BR,#1178,67,238,1166,1:05:10,--:--,--:--,8:02:25,
Thais Gomes Marcasinio PoliF35-39,BR,#1242,62,205,1077,54:42:00,3:21:55,2:31:27,6:56:47,76.5
Flavia MeyerF35-39",BR,#1205,2,2,71,31:32:00,2:27:33,1:35:56,4:38:51,98.7
Mariana Da Fonseca PereiraF35-39,BR,#1223,19,60,583,40:03:00,2:42:56,2:10:29,5:41:23,87.2
Aline SamyF35-39,BR,#1179,51,162,934,47:25:00,3:19:19,2:04:50,6:22:34,81
Constanza Ramirez Mac-LeanF35-39,CL,#1194,30,91,718,47:41:00,2:54:29,2:07:03,5:54:36,85.1
Camila Dias De SouzaF35-39,BR,#1187,45,135,867,50:31:00,3:03:28,2:13:49,6:13:19,82.3
Roberta MesquitaF35-39,BR,#1235,21,66,607,30:32:00,2:58:11,2:07:53,5:44:01,86.8
Patricia MarcelinoF35-39,BR,#1229,41,124,839,49:56:00,3:06:50,1:58:37,6:09:32,82.9
Daniela Renzo Grigoletto MonteiroF35-39,BR,#1196,50,159,931,38:42:00,3:05:20,2:30:17,6:22:11,81
Iuska Sampaio CunhaF35-39,BR,#1208,23,75,641,42:21:00,2:58:19,2:01:44,5:47:01,86.3
Ana Maria Huber BaurF35-39,BR,#1184,56,184,1006,44:18:00,3:26:29,2:17:48,6:35:32,79.2
Mariana MachadoF35-39,BR,#1222,58,191,1021,51:29:00,3:08:57,2:32:18,6:39:10,78.7
Marisa BarbinF35-39,BR,#1224,29,89,707,37:44:00,2:53:43,2:16:10,5:53:42,85.2
Rafaela MaurinaF35-39,BR,#1233,8,23,346,40:14:00,2:48:43,1:44:31,5:18:19,91.1
Priscila Frantz RuffF35-39,BR,#1232,39,118,813,38:27:00,2:56:58,2:25:23,6:06:46,83.3
Fernanda PalmaF35-39",BR,#1203,1,1,58,27:24:00,2:22:45,1:41:48,4:35:30,99.4
Carmen Maria Pereira BogadoF35-39,PY,#1190,18,55,565,40:13:00,2:54:15,1:58:34,5:39:47,87.5
Debora Alejandra BeautteF40-44,AR,#1262,20,123,837,46:38:00,3:02:39,2:12:40,6:09:28,86
Hanna CostaF40-44,BR,#1269,26,158,930,34:38:00,2:57:29,2:41:28,6:22:10,84.1
Lawrene GonzalezF40-44,BR,#1277,23,145,893,46:38:00,3:02:54,2:15:20,6:16:50,84.9
Ana Karina ScarlatoF40-44,BR,#1252,9,63,602,45:36:00,2:51:55,2:01:00,5:43:15,90
Débora PereiraF40-44,BR,#1263,10,71,630,42:21:00,2:51:07,2:07:41,5:46:16,89.5
Katia Crastechini De Padua FleuryF40-44,BR,#1274,27,165,941,41:17:00,3:14:28,2:18:28,6:23:07,84
Priscila AraujoF40-44,BR,#1291,19,110,796,44:20:00,2:54:05,2:18:40,6:03:52,86.8
Adriana Pinto RomagnoliF40-44,BR,#1249,35,188,1014,54:26:00,3:18:43,2:15:43,6:36:30,82.2
Alessandra OliveiraF40-44,BR,#1250,34,182,1001,40:32:00,3:29:21,2:14:08,6:33:46,82.5
Camila PrenholattoF40-44,BR,#1254,39,207,1080,56:31:00,3:10:19,2:38:25,6:56:52,79.5
Eva Matos PinhoF40-44,BR,#1265,10,71,630,38:02:00,2:56:13,2:02:17,5:46:16,89.5
Simone AraujoF40-44,BR,#1298,36,201,1068,1:04:27,3:09:26,2:25:13,6:53:07,80
Maria Caroline StengerF40-44,CL,#1283,22,136,872,41:21:00,3:00:32,2:26:35,6:13:52,85.3
Daniela FortesF40-44,BR,#1261,28,170,964,42:28:00,3:12:24,2:27:15,6:28:44,83.2
Chiara Abreu AraújoF40-44,BR,#1256,33,181,996,41:18:00,3:23:25,2:17:54,6:33:10,82.6
Juliana MachadoF40-44,BR,#1272,4,39,480,27:25:00,2:45:29,2:12:26,5:30:25,92.1
Cynthia Emili DayanF40-44,AR,#1259,21,134,865,40:29:00,3:08:02,2:15:42,6:12:54,85.5
Marcele SalaverryF40-44,BR,#1281,42,215,1104,48:19:00,3:14:24,2:48:55,7:06:31,78.3
Natailse Pinheiro BarbosaF40-44,BR,#1288,32,179,992,50:18:00,3:06:09,2:29:18,6:32:51,82.7
Maria GennariF40-44,BR,#1284,5,42,489,38:39:00,2:41:24,2:06:22,5:31:50,91.9
Luci Mara BarbieroF40-44,BR,#1280,43,216,1105,58:17:00,3:34:37,2:25:03,7:07:01,78.3
Carolina Palermo CarloneF40-44,BR,#1255,17,103,765,35:04:00,3:10:29,2:09:02,5:59:38,87.4
Silvia SomazzF40-44,BR,#1297,31,176,982,55:12:00,3:12:13,2:17:30,6:30:54,82.9
Silvia Helena Barbosa PradoF40-44",BR,#1296,2,13,266,36:08:00,2:42:44,1:45:26,5:08:21,96
Tatiana Gigliolla Bernardino SantosF40-44,BR,#1373,45,218,1113,49:27:00,3:23:25,2:47:29,7:10:47,77.8
Silmara CastroF40-44,BR,#1295,24,146,896,54:23:00,3:02:32,2:14:37,6:17:11,84.8
Marianne SobralF40-44,BR,#1285,14,87,702,44:46:00,2:54:32,2:08:44,5:53:19,88.4
Jakeline KarlaF40-44,BR,#1270,8,58,572,42:24:00,2:49:28,2:01:27,5:40:51,90.4
Larissa CoelhoF40-44,BR,#1276,6,47,511,34:08:00,2:54:26,2:01:15,5:34:50,91.4
Lilya WrobelF40-44,BR,#1278,12,78,667,41:37:00,2:56:27,2:05:02,5:49:39,89
Patrícia CunhaF40-44,BR,#1289,44,217,1111,55:00:00,3:33:12,2:35:20,7:09:27,78
Larissa Bastos TavaresF40-44,BR,#1275,15,88,703,37:10:00,2:55:04,2:14:21,5:53:26,88.4
Fernanda Silveira Bello De BarrosF40-44,BR,#1268,29,171,965,36:04:00,3:33:15,2:10:26,6:28:50,83.2
Sheyla Moreira Burgos LessaF40-44,BR,#1293,47,229,1138,1:03:58,3:28:15,2:44:06,7:23:33,76.3
Patricia GuardabassiF40-44,BR,#1290,13,84,695,38:33:00,2:57:09,2:13:22,5:52:51,88.5
Cacilda CastroF40-44,BR,#1253,18,109,794,56:57:00,2:58:18,1:59:32,6:03:34,86.8
Liselene BorgesF40-44,BR,#1279,38,204,1075,45:20:00,3:10:52,2:50:22,6:56:34,79.6
Fernanda MattosF40-44,BR,#1267,16,92,726,44:48:00,3:06:04,1:58:11,5:55:27,88.1
Adriana LimaF40-44,BR,#1379,41,214,1101,47:43:00,3:13:00,2:57:07,7:05:18,78.5
Suzidarly Ribeiro Teixeira FernandesF40-44,BR,#1300,36,201,1068,57:43:00,3:18:37,2:25:42,6:53:07,80
Rosa FernandesF40-44",BR,#1292,1,6,134,34:34:00,2:32:54,1:38:23,4:49:54,99.5
Shirley RodasF40-44,PY,#1294,46,220,1120,1:04:53,3:29:19,2:33:58,7:15:24,77.3
Marina BeccagliaF40-44,AR,#1286,25,154,916,42:06:00,2:53:49,2:33:24,6:18:58,84.6
Fabiana MouraF40-44",BR,#1266,3,31,394,38:18:00,2:50:46,1:47:35,5:23:02,93.4
Tamara Rinaldi GussiardiF40-44,BR,#1301,40,210,1093,1:07:56,3:27:53,2:15:31,7:01:41,78.9
Christiane Moura VelhoF40-44,BR,#1257,30,174,977,44:22:00,3:22:09,2:14:08,6:30:15,83
Cristianne CarvalhoF40-44,BR,#1258,7,57,570,37:30:00,2:50:15,2:05:40,5:40:44,90.4
Jessica Moreira BatistaF45-49,BR,#1323,5,33,434,37:48:00,2:50:11,1:54:09,5:26:35,95.5
Ylse Yuri SasaiF45-49,BR,#1341,14,111,798,31:33:00,3:02:41,2:25:50,6:04:05,89.2
Alessandra MourãoF45-49,BR,#1303,10,62,600,38:45:00,2:48:51,2:08:28,5:42:57,92.6
Fabricia Pacifico Seabra ChavesF45-49,BR,#1319,39,235,1161,50:15:00,3:47:49,3:00:15,7:48:11,75.5
Ana Paula RizoF45-49,BR,#1306,36,224,1127,1:02:12,3:31:54,2:36:22,7:17:41,79.1
Luiza Fonseca TaquesF45-49,BR,#1326,11,74,635,44:57:00,2:57:12,1:57:39,5:46:32,92
Catherine SouyetF45-49,CL,#1315,8,44,500,43:15:00,2:42:40,2:00:26,5:33:00,94.3
Beatriz BetcherF45-49,BR,#1313,35,213,1100,49:11:00,3:23:18,2:44:43,7:04:58,80.7
Elisa HospitalecheF45-49,AR,#1318,17,137,874,41:23:00,3:01:48,2:24:21,6:14:09,87.7
Glaucia LippelF45-49,BR,#1322,21,143,888,34:41:00,2:51:16,2:45:26,6:16:05,87.4
Maria Fernanda La ReginaF45-49,BR,#1329,7,38,473,36:25:00,2:50:30,1:58:38,5:29:38,94.9
Janaina Heckert RoterF45-49,BR,#1378,23,156,921,48:29:00,2:53:34,2:31:11,6:20:45,86.7
Ana Luiza DiasF45-49,BR,#1304,25,161,933,47:44:00,3:10:41,2:14:26,6:22:26,86.4
Claudia AlbuquerqueF45-49,BR,#1386,24,160,932,46:32:00,3:03:36,2:24:13,6:22:19,86.5
Luciane MildenbergerF45-49,BR,#1325,15,130,859,47:31:00,2:51:32,2:25:48,6:12:04,88
Renata Vilhena SilvaF45-49,BR,#1336,16,131,861,47:35:00,3:05:56,2:09:54,6:12:08,88
Gabriela Paz DemariaF45-49,CL,#1320,19,140,880,40:43:00,2:55:49,2:32:42,6:14:52,87.6
Liana David MacedoF45-49,BR,#1324,18,138,878,46:37:00,3:15:21,2:01:45,6:14:32,87.6
Renata Baesso PereiraF45-49,BR,#1335,9,56,566,41:21:00,2:50:34,2:00:33,5:39:52,93.1
Andrea Veronica Pozo BasaureF45-49,BO,#1311,26,169,959,40:16:00,3:20:21,2:15:37,6:27:45,85.7
Analia Beatriz Duarte MedinaF45-49,PY,#1309,38,230,1139,42:32:00,3:41:10,2:48:37,7:24:53,78.2
Sara QuaglioF45-49,BR,#1337,29,190,1019,36:36:00,3:13:51,2:41:59,6:38:27,84.2
Catia Tomaz De CarvalhoF45-49,BR,#1316,12,100,748,50:53:00,3:10:00,--:--,5:57:55,
Patricia PrimF45-49",BR,#1332,2,12,264,36:35:00,2:40:21,1:47:20,5:08:09,98.8
Ana Paula Teixeira AbdallaF45-49,BR,#1307,13,102,761,45:24:00,2:56:40,2:07:09,5:59:15,90
Sofia Mazon GonçalvesF45-49",BR,#1339,1,10,234,36:47:00,2:37:50,1:45:05,5:04:32,99.5
Maria Claudia Lyra De SouzaF45-49,BR,#1328,4,19,315,35:49:00,2:48:54,1:47:03,5:15:13,97.5
Ana YepesF45-49,VE,#1308,32,208,1088,51:45:00,3:17:31,2:42:51,6:59:09,81.4
Regiane TsamtsisF45-49,BR,#1334,27,177,984,44:05:00,3:11:36,2:28:30,6:31:38,85.1
Paola Fabiana BielonsF45-49,AR,#1330,34,212,1099,50:03:00,3:34:14,2:25:48,7:03:47,80.8
Angela UshiwataF45-49,BR,#1312,31,203,1071,50:19:00,3:26:57,2:29:20,6:55:18,81.9
Raquel Ferreira De MoraesF45-49,BR,#1333,6,34,453,42:54:00,2:48:50,1:48:29,5:28:14,95.2
Andrea PeixotoF45-49,BR,#1310,20,142,883,44:00:00,3:04:17,2:19:41,6:15:36,87.5
Marcela Alejandra Ahumada GuerreroF45-49,CL,#1327,30,195,1035,40:14:00,3:19:43,2:36:06,6:42:54,83.6
Vanessa RauppF45-49,BR,#1340,22,150,903,44:11:00,3:00:04,2:22:23,6:17:50,87.1
Ana Paula Miraglia Do ValF45-49,BR,#1305,28,187,1012,38:33:00,3:08:12,2:43:01,6:36:22,84.5
Andrea RizzoF45-49,BR,#1362,33,211,1097,40:17:00,3:01:57,3:10:27,7:03:20,80.9
Daniela PereiraF45-49",BR,#1317,3,14,269,34:33:00,2:41:55,1:47:16,5:08:48,98.7
Patricia MigdalF45-49,AR,#1331,37,227,1132,37:51:00,3:28:41,3:08:52,7:21:21,78.6
Monica KneipF50-54,BR,#1355,6,132,862,42:19:00,3:00:18,2:21:21,6:12:10,93.3
Paula FantiF50-54",AR,#1359,1,40,483,38:36:00,2:48:36,1:58:58,5:31:14,99.8
Marcia LacerdaF50-54,BR,#1352,7,151,911,48:05:00,3:12:22,2:10:49,6:18:34,92.3
Loreto Santa CruzF50-54,CL,#1348,10,183,1003,47:59:00,3:03:25,2:36:10,6:34:10,90.1
Lucia GliocheF50-54,BR,#1349,14,237,1164,44:14:00,3:26:19,3:30:23,7:49:50,80.7
clebioneide Sabino FerreiraF50-54,BR,#1346,11,193,1025,43:49:00,3:32:15,2:09:49,6:39:41,89.4
Monica Lucia Barbosa NicacioF50-54,BR,#1356,9,164,940,41:30:00,3:01:41,2:29:00,6:23:03,91.7
Patricia Mendes MussyF50-54,BR,#1358,8,152,912,1:01:00,3:05:37,2:04:36,6:18:38,92.3
Anelise BorgesF50-54,BR,#1345,13,234,1153,50:49:00,3:44:53,2:56:10,7:40:48,81.8
Sofia SarconaF50-54,AR,#1360,12,200,1060,46:48:00,3:33:41,2:23:50,6:51:48,87.8
Marilza Candida SaldanhaF50-54,BR,#1354,5,128,854,37:42:00,3:10:14,2:17:39,6:11:13,93.4
Ivani Vitória Dos Santos SouzaF50-54,BR,#1347,4,108,785,46:32:00,3:12:00,1:56:59,6:01:53,94.8
Andrea CardosoF50-54",BR,#1343,2,61,590,37:35:00,2:50:53,2:08:53,5:42:18,97.9
Mahêva CamposF50-54,BR,#1351,15,239,1167,48:28:00,3:47:46,3:16:22,8:02:36,79.3
Nicole AljaroF50-54",CL,#1357,3,82,683,39:59:00,2:58:22,2:08:06,5:51:28,96.5
Regina Gogolla KalmusF55-59",BR,#1364,2,232,1151,52:17:00,3:37:24,2:56:54,7:39:44,84.5
Sabina BarrellaF55-59",AR,#1366,1,90,712,42:47:00,2:56:41,2:06:55,5:54:04,100
Themis Mendonça Brandão VilelaF60-64",BR,#1368,1,209,1089,51:29:00,3:21:35,2:33:25,6:59:20,100
Mateus RobbiM18-24",BR,#728,3,309,331,33:49:00,2:28:13,2:10:00,5:16:40,95.7
Bruno LessaM18-24",BR,#721,1,172,179,35:33:00,2:34:32,1:41:39,4:57:01,99.3
Hiago MedeirosM18-24,BR,#726,4,337,362,36:36:00,2:43:30,--:--,5:20:05,
Ignacio Salvatierra Velez OcampoM18-24,BO,#727,6,474,522,43:08:00,2:44:53,2:00:08,5:36:01,92.5
Celso Galliza JuniorM18-24",BR,#722,2,204,213,34:43:00,2:40:48,1:39:13,5:00:58,98.5
Vinícius SilvaM18-24,BR,#729,9,808,984,37:18:00,3:12:53,2:35:38,6:31:38,84.2
Ricardo AvilaM18-24,BR,#1397,10,866,1066,55:53:00,3:27:24,2:22:06,6:52:44,81.5
Enzo Bosco BauM18-24,CL,#723,5,385,417,34:34:00,2:40:33,2:04:40,5:25:18,94.2
Athus FormigaM18-24,BR,#720,8,797,968,42:13:00,3:18:17,2:21:06,6:29:06,84.6
Giovani AcostaM18-24,UY,#725,7,512,568,48:48:00,2:41:16,2:00:48,5:39:54,91.8
Rodrigo PassiniM25-29,BR,#793,13,165,172,30:24:00,2:33:04,1:48:01,4:56:24,92.9
Lucas GenosoM25-29,BR,#771,25,298,318,39:59:00,2:30:12,2:00:42,5:15:21,89.3
André Rimom AzevedoM25-29,BR,#734,24,287,303,38:52:00,2:36:09,1:52:26,5:13:01,89.7
Hector HaussenM25-29,BR,#760,4,44,44,32:15:00,2:18:41,1:35:39,4:30:24,98.2
Hudson De LimaM25-29,BR,#762,33,368,399,40:06:00,2:36:36,2:00:05,5:23:38,87.8
Danilo Dos Santos LimaM25-29,BR,#1394,6,62,63,26:10:00,2:19:45,1:45:43,4:36:49,96.8
Luiz Fernando MedeirosM25-29,BR,#1370,63,828,1016,42:57:00,3:11:51,2:36:59,6:37:02,76.7
Pedro Veras PereiraM25-29,BR,#785,47,623,713,35:04:00,2:58:01,2:14:16,5:54:11,82.8
Rodrigo FeixM25-29,BR,#791,15,213,222,27:34:00,2:30:02,1:59:22,5:01:58,91.8
Federico Miguel Vazquez VillasantiM25-29,PY,#752,17,231,241,34:06:00,2:34:22,1:51:54,5:05:09,91.2
Nicolas LoiaconoM25-29,AR,#784,10,139,145,28:59:00,2:39:27,1:40:18,4:52:25,93.6
Kauê RodriguesM25-29,BR,#768,9,117,121,33:47:00,2:31:38,1:37:26,4:47:24,94.6
Gabriel Mantovani De OliveiraM25-29,BR,#756,58,752,899,50:05:00,2:48:30,2:29:24,6:17:30,79.4
Ivonaldo GomesM25-29,BR,#765,40,489,538,51:03:00,2:55:26,1:42:59,5:37:20,85.5
Thomas CarvalhoM25-29,BR,#798,39,469,517,36:03:00,2:46:49,2:06:24,5:35:34,85.8
Rafael Censi CardosoM25-29,BR,#786,22,263,278,37:25:00,2:32:50,1:55:38,5:10:25,90.2
Marco Tulio Silva SilveiraM25-29,BR,#778,50,655,755,43:55:00,3:09:38,1:58:14,5:58:30,82.2
Stefano Costa BianchettiM25-29,CL,#796,35,449,492,34:14:00,2:47:22,2:05:24,5:31:56,86.4
Bruno RibeiroM25-29,BR,#738,31,349,375,34:48:00,2:47:19,1:52:54,5:21:07,88.3
Glauco Junior CarvalhoM25-29,BR,#757,60,782,949,47:35:00,2:54:47,2:30:26,6:24:13,78.4
Felipe MafraM25-29",BR,#753,3,43,43,24:54:00,2:25:50,1:35:36,4:30:23,98.2
Gustavo SantosM25-29",BR,#759,1,28,28,28:11:00,2:17:22,1:35:40,4:25:56,99.2
Hugo SoutoM25-29,BR,#763,18,234,244,37:50:00,2:31:20,1:52:04,5:05:36,91.1
Kilder DalsoglioM25-29,BR,#769,28,322,344,35:20:00,2:33:35,2:04:11,5:17:56,88.8
Raul MoysesM25-29,BR,#788,57,736,871,35:31:00,2:55:34,2:32:06,6:13:51,79.9
Vitor Ken Toda MochizukiM25-29,BR,#802,52,693,809,39:47:00,3:01:58,2:19:12,6:05:55,81
Davi VidalM25-29,BR,#746,23,285,301,37:06:00,2:38:22,1:50:20,5:12:55,89.7
Walter Magalhaes NetoM25-29,BR,#803,20,244,255,39:54:00,2:27:59,1:53:17,5:07:19,90.8
Mário FonsecaM25-29,BR,#779,36,451,494,34:15:00,2:49:53,2:02:50,5:32:03,86.4
André Luis Candido PereiraM25-29,BR,#732,46,571,646,39:00:00,2:51:15,2:12:04,5:47:43,83.8
Vinicius Neiva De CastroM25-29,BR,#801,56,725,852,46:28:00,3:15:36,2:02:00,6:11:09,80.3
Lucas Rotatori BorgesM25-29,BR,#773,54,698,816,41:50:00,3:11:22,2:00:00,6:06:59,80.9
Jair SouzaM25-29,BR,#766,19,243,254,42:02:00,2:39:17,1:40:56,5:07:13,90.8
Caio NunesM25-29,BR,#741,16,224,233,42:07:00,2:35:25,1:40:34,5:04:01,91.4
Campio Hernan TejoM25-29,AR,#742,30,343,368,36:59:00,2:43:56,1:55:11,5:20:48,88.3
Fábio Jesus De Andrade FilhoM25-29,BR,#751,34,399,431,34:20:00,2:38:51,2:04:44,5:26:27,87.4
Arthur CavalcanteM25-29,BR,#736,48,628,719,34:10:00,3:04:07,2:11:38,5:54:39,82.7
Rodrigo Giacomassi BoninM25-29,BR,#792,68,920,1154,52:44:00,3:28:04,3:12:04,7:41:31,69
Marcelo Cavalcante De SouzaM25-29,BR,#774,45,558,628,39:19:00,2:45:12,2:16:25,5:46:11,84.1
Daniel CrucianiM25-29,BR,#744,55,706,828,41:36:00,2:55:04,2:23:35,6:08:34,80.6
Victor Gollner CoelhoM25-29,BR,#799,61,788,956,43:14:00,3:17:10,2:17:04,6:27:07,78
Marcelo Galvão FenerichM25-29,BR,#775,38,463,508,35:28:00,2:51:18,1:58:15,5:34:19,86
Paulo FarinaM25-29,BR,#1387,11,154,161,29:33:00,2:37:20,1:43:50,4:54:12,93.3
Diego Santos MoreiraM25-29,BR,#747,62,799,970,46:40:00,3:03:08,2:31:30,6:29:17,77.7
Dynalmo SouzaM25-29,BR,#748,65,847,1042,34:48:00,2:50:25,3:10:51,6:44:58,75.6
Herbert Silva JunquilhoM25-29,BR,#761,59,765,920,48:52:00,3:04:40,2:15:07,6:20:23,78.9
Matheus Baptista PintoM25-29,BR,#781,51,670,777,38:48:00,2:57:22,2:16:53,6:00:47,81.8
Tarik Baracat AjubM25-29,BR,#797,26,305,327,43:42:00,2:36:20,1:51:06,5:16:22,89.1
Davi FrotaM25-29,BR,#745,12,156,163,31:00:00,--:--,--:--,4:54:18,
Antonio Felipe CarvalhoM25-29,BR,#735,67,887,1098,47:06:00,3:16:26,2:53:41,7:03:45,73.3
Juliano GuarnieriM25-29,BR,#767,49,644,739,40:14:00,3:09:35,2:02:04,5:56:56,82.4
Caio AugustoM25-29,BR,#740,7,73,75,35:57:00,2:19:26,1:40:04,4:39:30,96.3
Mario Sergio Durán ZárateM25-29,PY,#780,53,695,812,38:00:00,3:12:00,2:10:18,6:06:45,80.9
Augusto BenvenutoM25-29,BR,#737,29,332,356,38:03:00,2:38:28,1:58:40,5:19:31,88.6
Vincent MatiasM25-29,BR,#800,44,520,579,37:48:00,3:01:12,1:53:37,5:41:05,84.9
Matheus Felipe SilvaM25-29,BR,#782,14,209,218,36:07:00,2:33:07,1:48:25,5:01:33,91.9
Marcelo Ignacio Lobos BaezaM25-29,CL,#777,42,510,564,43:40:00,2:43:51,2:06:04,5:39:46,85.1
Lucas GomesM25-29,BR,#772,43,518,577,42:57:00,2:52:05,2:01:48,5:41:01,84.9
Rodrigo Baccili DamiãoM25-29,BR,#790,41,508,562,38:55:00,2:47:13,2:09:12,5:39:37,85.1
Marcelo GiulianiM25-29,BR,#776,21,251,262,29:37:00,2:50:51,1:43:19,5:08:03,90.6
Silvio GuerraM25-29,BR,#795,64,841,1036,52:31:00,3:18:33,2:23:39,6:42:59,75.9
Matheus MonteiroM25-29,BR,#783,66,850,1045,51:53:00,3:28:20,2:18:22,6:46:15,75.5
Lucas CabralM25-29",BR,#770,2,36,36,29:19:00,2:23:54,1:30:08,4:28:04,98.7
André MartinsM25-29,BR,#733,5,55,55,32:51:00,2:19:01,1:39:40,4:35:15,97.2
Rafael Lima MoreiraM25-29,BR,#787,32,350,376,35:14:00,2:53:28,1:46:36,5:21:11,88.3
Gustavo AkashiM25-29,BR,#758,27,321,343,28:40:00,2:31:28,2:13:46,5:17:53,88.9
Eduardo SoaresM25-29,BR,#750,37,452,495,35:43:00,2:35:52,2:15:45,5:32:05,86.4
Alexandre FlausinoM25-29,BR,#731,8,101,104,33:41:00,2:27:27,1:38:49,4:44:29,95.2
Kepler Silveira LeiteM30-34,BR,#895,49,255,268,31:00:00,2:33:29,1:59:28,5:08:44,87.3
Rafael MunhozM30-34,BR,#932,76,395,427,39:47:00,2:37:53,2:04:29,5:26:15,84.2
Federico Semino SuarezM30-34,UY,#857,72,381,413,38:33:00,2:36:13,2:03:37,5:24:39,84.5
Mayckon Dos SantosM30-34,BR,#916,42,201,209,34:03:00,2:30:14,1:51:46,5:00:33,88.8
Junior Cordeiro Adalberto Moura CordeiroM30-34,BR,#893,62,327,350,34:51:00,2:44:03,1:50:22,5:18:27,85.6
Renato RodriguesM30-34,BR,#941,117,678,786,35:27:00,2:58:13,2:22:20,6:02:22,78.5
Charles MarquesM30-34,BR,#831,26,127,131,35:29:00,2:26:16,1:40:44,4:49:26,91
Érico PinheiroM30-34,BR,#854,79,407,440,34:04:00,2:33:09,2:14:31,5:27:08,84.1
Raphael LutifiM30-34,BR,#937,137,806,981,43:31:00,3:17:34,2:22:50,6:30:49,74.5
Gabriel Giovaney Cardoso CarvalhoM30-34,BR,#866,28,142,148,29:23:00,2:28:30,1:51:31,4:52:40,90.4
Americo Lanzoni NettoM30-34,BR,#810,108,620,709,37:02:00,2:29:02,2:41:11,5:53:46,79.8
Lucas Caloi StinchiM30-34,BR,#901,74,383,415,33:13:00,2:50:51,1:54:49,5:25:04,84.4
Diego CordovezM30-34,BR,#842,104,604,687,40:30:00,2:57:39,2:07:29,5:51:50,80.1
Nicolás Raposo MéndezM30-34,CL,#919,67,359,388,41:31:00,2:28:19,2:08:04,5:22:13,84.9
Joao Paulo AlvesM30-34,BR,#888,43,206,215,30:52:00,2:35:47,1:50:32,5:01:16,88.7
Ricardo José Nunes SiqueiraM30-34,BR,#943,44,221,230,33:23:00,2:35:09,1:50:32,5:03:37,88.3
Luiz OliveiraM30-34,BR,#908,148,895,1112,40:48:00,3:15:36,3:06:39,7:10:09,69.6
Sergio Avalos AgarM30-34,CL,#955,130,756,906,43:05:00,3:07:21,2:20:19,6:18:04,76.2
Raphael HenriquesM30-34,BR,#936,18,84,86,30:47:00,2:21:05,1:46:05,4:41:45,92.6
Guilherme ChiancaM30-34,BR,#869,66,352,381,43:05:00,2:33:10,1:59:01,5:21:42,85
Paulo Vinícius Crema MartinhoM30-34,BR,#926,61,324,347,32:14:00,2:33:28,2:07:38,5:18:22,85.6
Gabriel BarbosaM30-34,BR,#865,40,195,203,34:12:00,2:39:07,1:40:36,4:59:57,89
Luiz Gustavo MoraesM30-34,BR,#907,54,271,286,36:07:00,2:41:16,1:49:01,5:11:21,86.8
Bruno Manchini VaroliM30-34,BR,#823,152,924,1158,38:51:00,3:30:32,3:22:56,7:44:07,65.9
Lucas Tojal PiresM30-34,BR,#905,147,882,1091,43:14:00,3:26:41,2:43:00,6:59:56,70.8
Gilson De PaulaM30-34,BR,#868,128,724,851,41:56:00,--:--,2:37:45,6:11:03,77.2
Johnathan Sarmento De O. NascimentoM30-34,BR,#889,150,905,1130,43:10:00,3:14:58,3:13:39,7:20:36,68.4
João Antonio Porto GonçalvesM30-34,BR,#887,120,687,797,41:38:00,2:55:31,2:20:53,6:04:02,78.3
Tiago Barzotto WegenerM30-34,BR,#962,131,763,917,58:19:00,2:52:25,2:17:41,6:19:57,76
Guilherme DondiciM30-34,BR,#870,22,107,110,28:56:00,2:24:52,1:46:52,4:45:45,91.7
Guilherme RigonattiM30-34",BR,#872,3,7,7,30:12:00,2:18:23,1:23:18,4:14:57,98.4
Victor Genaro Montenegro PèrezM30-34,CL,#965,149,897,1116,43:13:00,3:03:49,3:05:11,7:13:16,69.2
Renato Leão GuerreiroM30-34,BR,#939,80,415,448,38:57:00,2:42:46,2:00:53,5:27:34,84
Lucas CajueiroM30-34,BR,#900,141,831,1022,42:26:00,3:13:24,2:34:08,6:39:17,73.4
Gustavo Becker BriebaM30-34,CL,#874,38,190,197,29:26:00,2:30:27,1:55:32,4:59:10,89.1
Flavio Mendes FerreiraM30-34,BR,#864,81,416,449,44:45:00,2:38:19,1:58:56,5:27:41,84
Silas Magalhaes CruzM30-34,BR,#957,100,588,665,46:22:00,2:41:08,2:14:53,5:49:35,80.4
Geovani Meireles FilhoM30-34,BR,#867,48,253,265,36:38:00,2:29:56,1:54:31,5:08:17,87.4
Henrique SiniscalchiM30-34,BR,#879,84,478,526,37:28:00,2:41:50,2:07:19,5:36:09,82.6
Alberto CroccoM30-34,BR,#807,57,289,306,37:17:00,2:38:03,1:51:35,5:13:22,86.5
Max FernandesM30-34,BR,#915,139,822,1005,44:34:00,3:14:37,2:28:17,6:34:29,74
Daniel Carlos Silva SantosM30-34,BR,#835,151,915,1146,40:53:00,2:54:17,3:50:10,7:34:16,66.9
Gustavo BorgesM30-34,BR,#875,6,17,17,24:43:00,2:20:20,1:33:20,4:20:59,97
Thiago AlmeidaM30-34,BR,#958,60,301,322,34:00:00,2:51:16,1:46:14,5:15:37,86.1
Thiago De Souza CaldasM30-34,BR,#959,11,50,50,27:52:00,2:29:26,1:31:38,4:32:34,94.5
Eduardo Duarte Moura LopesM30-34,BR,#849,101,591,669,32:57:00,3:03:26,2:06:15,5:49:52,80.4
Fabiano Dos Santos AlmeidaM30-34,BR,#856,92,547,614,44:34:00,2:48:42,2:02:02,5:44:59,81.2
Denis LimaM30-34,BR,#839,52,265,280,41:36:00,2:39:05,1:42:09,5:10:42,87
Renato Ramirez NevesM30-34,BR,#940,56,277,292,35:20:00,2:35:10,1:48:29,5:12:08,86.7
Fernando Citron MuneroliM30-34,BR,#862,31,168,175,30:03:00,2:37:34,1:45:04,4:56:50,89.6
Charles CouplandM30-34,GB,#830,94,565,639,41:03:00,3:04:22,1:53:34,5:46:53,80.9
Daniel Almada LoboM30-34,BR,#834,32,175,182,34:32:00,2:33:34,1:43:36,4:57:18,89.5
Jhonnes Alberto VazM30-34,BR,#885,35,183,190,33:54:00,2:40:25,1:38:44,4:58:18,89.3
Adriano SacchettoM30-34",BR,#805,2,5,5,24:51:00,2:14:04,1:27:57,4:09:17,99.8
Juliano Rodrigues MotaM30-34,BR,#1401,107,615,700,44:14:00,3:01:48,2:02:01,5:53:18,79.9
Rafael MorimotoM30-34,BR,#931,23,110,113,31:38:00,2:17:09,1:53:23,4:46:11,91.7
Danniel BorghetteM30-34,BR,#837,73,382,414,33:57:00,2:44:59,1:58:38,5:25:03,84.4
Arnaldo Roberto Muñoz VerdugoM30-34,CL,#818,21,104,107,39:16:00,2:24:45,1:37:05,4:45:07,91.9
Marcos Oxandabaratz AlfaroM30-34,BR,#913,55,274,289,33:52:00,2:53:06,1:39:09,5:11:48,86.8
Adans Soares PorfírioM30-34,BR,#804,64,336,361,37:08:00,2:34:54,2:02:45,5:20:02,85.3
Fillipe De Mello SousaM30-34,BR,#863,88,514,571,31:13:00,2:55:13,2:05:45,5:40:48,81.8
Rafael Benedito Dutra FerreiraM30-34,BR,#930,39,193,200,34:14:00,2:31:37,1:48:05,4:59:30,89
Victor MusselM30-34,BR,#967,98,580,656,37:54:00,3:06:29,1:56:51,5:48:44,80.6
Rafael ProençaM30-34,BR,#928,142,839,1033,51:04:00,3:04:13,2:35:21,6:41:54,73.1
Sergio Bruno Alves FerreiraM30-34,BR,#956,16,76,78,33:14:00,2:30:20,1:31:31,4:40:57,92.7
Bruno Sammarco NetoM30-34,BR,#825,85,494,543,38:43:00,2:45:51,2:05:20,5:37:37,82.3
Alan Dos Santos FontesM30-34,BR,#806,29,144,150,42:21:00,2:24:08,1:41:49,4:53:01,90.3
Emerson MarquesM30-34,BR,#851,112,637,731,39:52:00,2:47:44,2:20:53,5:55:59,79.5
Felipe MuramotoM30-34,BR,#859,24,121,125,32:01:00,2:33:56,1:38:21,4:48:54,91.1
Vinicius DominguesM30-34,BR,#969,12,51,51,33:00:00,2:19:33,1:36:38,4:33:09,94.4
Raphael CiabattariM30-34,BR,#938,41,198,206,31:35:00,2:28:41,1:54:35,5:00:11,88.9
Hector David Acosta LlorensM30-34,AR,#877,140,830,1020,41:48:00,3:24:54,2:23:54,6:39:06,73.4
Diego TiburcioM30-34,BR,#843,17,81,83,34:33:00,2:23:15,1:39:17,4:41:26,92.6
Icaro VelosoM30-34,BR,#1383,144,859,1058,35:03:00,3:22:27,2:42:53,6:51:09,71.9
Lucas CappellaM30-34,BR,#902,123,705,826,45:16:00,3:19:07,1:59:28,6:08:25,77.6
Juan Pablo OchoaM30-34,AR,#892,136,798,969,41:36:00,3:00:16,2:34:24,6:29:14,74.7
Olavo Julio Brançam RafaelM30-34,BR,#920,87,499,549,39:06:00,2:38:12,2:15:38,5:38:08,82.3
Andres ArceM30-34,PY,#1399,5,10,10,28:40:00,2:17:32,1:25:36,4:15:07,98.4
Diego ChohfiM30-34,BR,#841,33,177,184,34:23:00,2:26:31,1:50:12,4:57:30,89.4
David AndersonM30-34,BR,#838,109,622,711,54:32:00,2:49:21,2:04:30,5:53:57,79.8
Daniel ZogbiM30-34,BR,#836,118,682,790,36:28:00,3:01:36,2:18:26,6:02:46,78.4
Vinícius De Menezes TavaresM30-34,BR,#968,116,653,753,48:21:00,2:46:39,2:15:02,5:58:09,79.1
Lucas MaltezM30-34,BR,#904,25,124,128,25:59:00,2:20:29,1:57:54,4:49:16,91
Luiz TellecheaM30-34,BR,#909,51,264,279,35:58:00,2:31:13,1:56:43,5:10:26,87
Sebastian PitaM30-34,AR,#954,132,783,950,33:48:00,3:07:21,2:34:44,6:24:36,75.3
Diógenes Arruda Spósito NonatoM30-34,BR,#845,27,128,132,36:51:00,2:22:39,1:45:51,4:49:40,91
Marcelo QuintellaM30-34,BR,#912,125,717,841,40:40:00,2:59:05,2:13:44,6:09:43,77.4
Andre Luiz Tavares Da SilvaM30-34,BR,#814,106,614,698,44:55:00,2:38:46,2:24:42,5:53:06,79.9
Eduardo De Abreu AlmeidaM30-34,BR,#848,99,585,661,38:18:00,2:57:15,2:00:50,5:49:05,80.5
Mario Marcio Saadi LimaM30-34,BR,#914,124,711,833,43:45:00,3:07:55,2:04:16,6:09:05,77.5
André Giglio BuenoM30-34,BR,#813,53,268,283,35:20:00,2:43:19,1:46:41,5:11:01,86.9
Thiago Mendes SiemionkoM30-34,BR,#961,114,650,750,36:29:00,2:48:15,2:26:50,5:58:04,79.1
Rodrigo OlaecheaM30-34,PE,#948,36,185,192,36:49:00,2:36:39,1:40:56,4:58:40,89.2
Érico ZacariasM30-34,BR,#855,63,328,351,27:08:00,2:47:38,1:59:19,5:18:48,85.5
Javier MontenegroM30-34,CL,#884,47,247,258,38:52:00,2:33:47,1:50:25,5:07:50,87.5
Rodrigo Prudencio MM30-34,BO,#949,91,538,599,43:29:00,2:54:49,1:56:37,5:42:52,81.5
James Von Meynard TheotonioM30-34,BR,#883,126,719,843,39:30:00,2:50:08,2:33:50,6:09:53,77.4
Wallacy Leal Da SilvaM30-34,BR,#972,115,651,751,52:28:00,2:46:14,2:11:48,5:58:06,79.1
Andre Amaral FonsecaM30-34,BR,#811,75,393,425,39:42:00,2:39:51,1:59:50,5:26:09,84.2
Felipe LozanoM30-34,BR,#858,45,223,232,35:26:00,2:36:00,1:46:08,5:04:00,88.2
Cleber Dalças PereiraM30-34,BR,#833,77,404,437,39:46:00,2:44:25,1:54:12,5:26:48,84.1
William G GarciaM30-34,BR,#974,89,515,574,35:25:00,2:56:04,2:01:24,5:40:53,81.8
Claudio GarciaM30-34,BR,#832,134,786,954,43:33:00,3:06:57,2:27:07,6:26:37,75.1
Rodrigo BodaneseM30-34",BR,#947,1,4,4,26:28:00,2:12:54,1:25:17,4:07:58,100.1
Artur De Paula FernandesM30-34,BR,#820,93,562,636,36:22:00,2:56:51,2:07:26,5:46:36,80.9
Tiago Rafael FinzettoM30-34,BR,#963,143,842,1037,42:45:00,2:59:24,2:51:02,6:43:14,72.9
Ramadan El AliM30-34,BR,#935,122,697,815,26:31:00,2:39:38,2:55:27,6:06:58,77.8
André PokrevieskiM30-34,BR,#815,111,625,715,42:49:00,2:45:10,2:19:15,5:54:20,79.7
Victor HugoM30-34,BR,#966,135,795,965,50:12:00,3:03:30,2:26:25,6:28:50,74.8
Walter Henrique Sobreira AlmeidaM30-34,BR,#973,95,572,647,40:18:00,2:54:52,2:07:21,5:47:44,80.7
Herbert Fellipe Luna LiraM30-34,BR,#876,7,20,20,29:58:00,2:23:14,1:24:47,4:21:31,96.9
Andre Bontempo SantosM30-34,BR,#812,13,54,54,29:11:00,2:24:11,1:37:01,4:34:40,94
Thiago FontesM30-34,BR,#960,103,600,681,44:40:00,2:47:22,2:12:25,5:51:07,80.2
Cairo CamposM30-34,BR,#827,14,61,62,26:21:00,2:24:10,1:42:26,4:36:46,93.6
Icaro Luiz MarquesM30-34,BR,#880,146,872,1076,43:28:00,3:16:19,2:49:03,6:56:36,71.2
Israel BernsM30-34,BR,#881,20,99,102,36:32:00,2:23:09,1:39:52,4:44:19,92
Rodrigo VieiraM30-34,BR,#951,71,380,412,37:20:00,2:36:02,2:04:51,5:24:37,84.5
Arthur CostaM30-34,BR,#819,113,640,735,40:47:00,2:42:01,2:28:35,5:56:27,79.4
Dino Enzo Medeiros Da RochaM30-34,BR,#844,19,85,87,28:05:00,2:27:16,1:42:16,4:41:49,92.5
Paulo Gustavo CardosoM30-34,BR,#923,8,22,22,27:50:00,2:19:49,1:32:09,4:23:25,96.5
Guilherme SoaresM30-34,BR,#873,86,498,548,38:07:00,2:46:49,2:06:16,5:38:00,82.3
Paulo Takao OshimaM30-34,BR,#925,82,421,455,40:49:00,2:55:14,1:47:19,5:28:21,83.9
Cesar AstigarragaM30-34,PY,#829,50,262,277,46:14:00,2:32:55,1:46:40,5:10:23,87
Luis Gustavo Gentil MoreiraM30-34,BR,#906,34,180,187,30:32:00,2:37:12,1:46:09,4:58:15,89.3
Samuel Gondim Lemos De OliveiraM30-34,BR,#952,119,683,791,48:52:00,2:54:35,2:14:37,6:03:32,78.3
Carlos DenipottiM30-34,BR,#828,121,689,800,51:23:00,--:--,2:29:15,6:04:13,78.2
Rafael Nardini CanoM30-34,BR,#933,127,723,850,36:14:00,3:01:17,2:23:33,6:11:01,77.2
Bruno DiasM30-34,BR,#822,37,188,195,31:17:00,2:36:44,1:45:11,4:58:50,89.2
Leonardo MarquesM30-34,BR,#897,96,573,648,37:26:00,3:04:25,2:01:50,5:47:48,80.7
Samuel Rehder Wimmers FerreiraM30-34,BR,#953,65,342,367,35:46:00,2:40:22,1:59:01,5:20:42,85.2
Fellipe CristovamM30-34,BR,#861,138,817,998,42:13:00,3:00:57,2:39:36,6:33:16,74.2
Eraldo VilarM30-34,BR,#853,68,361,390,33:10:00,2:38:45,2:01:11,5:22:26,84.9
Jose Lavor SampaioM30-34,BR,#890,59,296,314,36:17:00,2:34:11,1:57:53,5:14:57,86.2
Leandro Toshio SudoM30-34,BR,#896,97,575,651,33:58:00,2:54:41,2:12:06,5:47:52,80.7
Miguel BeerM30-34,BR,#917,69,362,391,43:06:00,2:36:03,1:58:42,5:22:27,84.9
Marcelo BodaneseM30-34,BR,#911,4,9,9,26:44:00,2:14:08,1:30:47,4:15:05,98.4
Alvaro Maus FilhoM30-34,BR,#809,46,242,253,36:14:00,2:35:34,1:49:14,5:07:12,87.6
Vinicius PereiraM30-34,BR,#970,110,624,714,43:09:00,2:49:16,2:10:50,5:54:19,79.7
Diego BarciaM30-34,UY,#840,133,785,953,37:15:00,2:49:57,2:52:53,6:26:15,75.1
Pablo Rodrigo De Oliveira CaseiroM30-34,BR,#922,105,608,691,37:43:00,2:58:54,2:10:41,5:52:23,80
Bruno Albuquerque De AlmeidaM30-34,BR,#821,129,738,874,35:15:00,2:51:41,2:32:49,6:14:09,76.8
Neillon AssisM30-34,BR,#918,90,537,598,--:--,--:--,--:--,5:42:50,
Antônio Pires JuniorM30-34,BR,#816,145,868,1070,42:42:00,3:06:39,2:53:34,6:54:01,71.5
Rodrigo MunerattiM30-34,BR,#946,15,71,73,32:33:00,2:24:24,1:38:08,4:39:01,93.1
Ricardo FavorettoM30-34,BR,#942,9,26,26,30:50:00,2:18:43,1:32:32,4:25:08,96.1
Douglas EstevesM30-34,BR,#846,102,598,678,44:57:00,2:50:56,2:08:37,5:50:37,80.3
Vinicius Troyack CarandinaM30-34,BR,#971,70,373,404,33:25:00,2:50:18,1:53:46,5:23:50,84.6
Ítalo WaxmanM30-34,BR,#882,78,406,439,45:22:00,2:44:34,1:50:43,5:26:53,84.1
Emilio Santamarta MartínezM30-34,UY,#852,83,460,505,40:18:00,2:50:39,1:56:19,5:34:07,82.9
Douglas JandozaM30-34,BR,#847,30,146,152,33:08:00,2:33:55,1:42:25,4:53:13,90.3
Rodrigo Azevedo NovaisM30-34,BR,#945,10,49,49,29:51:00,2:30:50,1:26:09,4:31:40,94.7
Heitor Augusto Pimentel Bandeira De MeloM30-34,BR,#878,58,293,311,42:03:00,2:31:14,1:57:11,5:13:57,86.4
Brenno CastroM35-39,BR,#79,194,651,751,39:54:00,2:36:44,2:31:03,5:58:06,80.1
Vanderlei Moreira RosaM35-39,BR,#322,96,283,299,--:--,--:--,--:--,5:12:47,
Wagner Da SilvaM35-39,BR,#333,25,75,77,39:40:00,2:15:47,1:39:02,4:40:16,93.8
Joao MedeirosM35-39,BR,#181,126,390,422,40:55:00,2:43:45,1:56:20,5:25:55,85.3
Jose Nilson Rodrigues De Rodrigues De Carvalho FilhoM35-39,BR,#195,215,742,884,42:51:00,2:44:12,2:27:41,6:15:58,77.5
Jorge GonzalesM35-39,BR,#190,19,56,56,30:01:00,2:20:17,1:41:03,4:35:21,94.8
Marcelo CarvalhoM35-39,BR,#235,246,849,1044,1:07:50,3:15:44,2:13:14,6:46:11,73.5
Saulo GermanoM35-39,BR,#301,117,371,402,44:34:00,2:33:50,1:58:48,5:23:49,85.6
Sergio RamonM35-39,BR,#304,134,437,475,34:12:00,2:41:27,2:09:44,5:29:43,84.6
Bonieck ClementeM35-39,BR,#78,10,27,27,27:29:00,2:27:04,1:27:59,4:25:22,97
Breno NascimentoM35-39,BR,#82,4,8,8,28:10:00,2:18:19,1:25:33,4:15:04,99.3
Isandro Pimentel AzêdoM35-39,BR,#169,217,746,889,40:21:00,3:09:40,2:19:18,6:16:17,77.5
Limberg Parada PazM35-39,BO,#216,208,708,830,48:29:00,2:55:50,2:14:09,6:08:43,78.5
Vinicius NovaesM35-39,BR,#331,76,216,225,34:41:00,2:32:53,1:49:09,5:02:19,89.5
Sebastian CarellaM35-39,AR,#302,22,65,66,33:24:00,2:26:59,1:33:41,4:37:16,94.4
Marcos Allende ValdésM35-39,CL,#242,54,145,151,30:53:00,2:35:28,1:41:06,4:53:12,91.2
Davi Douglas HeckmannM35-39,BR,#114,75,215,224,34:03:00,2:26:34,1:56:47,5:02:16,89.5
Guilherme FariasM35-39,BR,#158,62,167,174,35:33:00,2:34:13,1:41:29,4:56:47,90.5
Rafael Gomes Da SilvaM35-39,BR,#272,145,479,527,45:03:00,2:41:03,2:01:11,5:36:11,83.5
Roberto VieiraM35-39,BR,#292,213,740,877,35:22:00,3:11:18,2:17:46,6:14:28,77.7
Ly Carlos SilvaM35-39,BR,#231,214,741,882,41:03:00,3:09:49,2:14:39,6:14:57,77.7
André Alves Pinto De Farias CostaM35-39,BR,#64,234,802,974,39:44:00,2:40:06,2:58:50,6:29:43,75.6
Victor Triginelli GuimaraesM35-39,BR,#329,229,778,944,41:54:00,3:06:35,2:25:01,6:23:24,76.5
Armenio DuarteM35-39,BR,#76,131,422,457,48:05:00,2:37:51,1:51:31,5:28:27,84.8
Lucas BeatrizM35-39,BR,#218,57,153,160,30:01:00,2:31:04,1:48:06,4:53:49,91.1
Francisco Marcelo Brandao JrM35-39,BR,#149,5,11,11,32:18:00,2:14:25,1:24:42,4:15:23,99.2
Miroslav TadicM35-39,BO,#256,153,492,541,44:50:00,2:47:32,1:58:09,5:37:35,83.3
Luiz Alexandre De Souza FrançaM35-39,BR,#226,27,82,84,30:55:00,2:25:13,1:38:35,4:41:29,93.6
Carlos ReinéM35-39,BR,#97,82,230,240,31:44:00,2:29:26,1:57:48,5:05:02,89
Denis Crozariol Da SilvaM35-39,BR,#117,133,432,469,44:02:00,2:26:59,2:08:24,5:29:33,84.6
Gianfranco PoliM35-39,BR,#154,47,130,136,39:11:00,2:25:26,1:41:08,4:50:35,91.7
Edson Junior Da Silva RibeiroM35-39,BR,#123,207,707,829,49:20:00,3:00:43,2:11:32,6:08:39,78.6
Marcelo De Oliveira MachadoM35-39,BR,#236,115,367,398,30:36:00,2:37:08,2:05:18,5:23:28,85.7
Ronaldo GuilhermeM35-39,BR,#297,135,438,476,38:21:00,2:40:41,2:00:28,5:29:45,84.6
Marcelo KaneshiroM35-39,BR,#238,107,323,345,40:21:00,2:35:02,1:58:31,5:18:17,86.6
Marcos Giacomelli PolettoM35-39,BR,#243,210,730,860,46:02:00,2:57:02,2:22:10,6:12:07,78.1
Leandro GusminM35-39,BR,#209,146,481,529,36:08:00,2:32:25,2:20:21,5:36:26,83.5
Aylton Quintela Abreu FilhoM35-39,BR,#77,121,384,416,48:04:00,2:32:00,1:57:25,5:25:15,85.4
Vargthon NunesM35-39,BR,#323,221,754,904,40:02:00,3:11:27,2:17:43,6:17:52,77.2
Italo RizzoM35-39,BR,#172,6,16,16,27:28:00,2:17:58,1:31:28,4:20:25,98.1
Thiago BarcelosM35-39,BR,#309,45,126,130,33:24:00,2:25:32,1:45:50,4:49:23,92
Fabian Von ThuengenM35-39,UY,#131,125,389,421,40:03:00,2:38:33,2:00:42,5:25:46,85.3
Cristiano AmaralM35-39,BR,#106,186,626,716,49:19:00,2:47:11,2:10:46,5:54:22,80.7
Daniel Barbosa AntunesM35-39,BR,#107,140,450,493,35:01:00,2:45:28,2:05:20,5:31:57,84.2
Gustavo Santos NovaesM35-39,BR,#165,238,821,1004,39:02:00,3:22:01,2:25:31,6:34:18,75
José Tasso Felix GuimarãesM35-39,BR,#197,127,394,426,38:32:00,2:38:58,2:01:20,5:26:11,85.2
Lucas SoaresM35-39,BR,#221,78,220,229,36:19:00,2:36:22,1:45:29,5:03:05,89.3
Luis Anibal Linares BernalM35-39,CO,#224,95,278,293,46:08:00,2:31:16,1:47:28,5:12:21,87.6
Dário CunhaM35-39,BR,#112,61,164,171,35:01:00,2:35:21,1:41:10,4:56:16,90.6
Andre AndradeM35-39,BR,#65,38,106,109,33:57:00,2:28:17,1:35:09,4:45:30,92.7
Marcel MouraM35-39,BR,#233,92,257,272,32:05:00,2:26:15,2:04:54,5:09:23,88.2
Thiago BragaM35-39,BR,#310,182,610,693,29:05:00,2:53:54,2:23:07,5:52:40,80.9
Tiago Aragão De AlmeidaM35-39,BR,#317,53,141,147,35:12:00,2:34:22,1:39:57,4:52:34,91.3
Rodrigo LoboM35-39",BR,#295,1,2,2,25:35:00,2:17:11,1:21:20,4:07:19,101.1
Ray BalarezoM35-39,PE,#280,240,825,1010,38:44:00,3:16:03,2:34:21,6:36:08,74.8
Ricardo PelosiniM35-39,BR,#289,199,661,763,37:42:00,2:50:44,2:26:04,5:59:27,79.9
Patricio Antunez SaldiasM35-39,CL,#260,201,675,782,44:26:00,2:47:06,2:25:01,6:01:23,79.6
Leandro Campos PereiraM35-39,BR,#203,173,584,660,44:11:00,2:52:12,2:07:03,5:48:57,81.5
Renatotri SilvaM35-39,BR,#282,69,200,208,31:20:00,2:35:58,1:48:02,5:00:32,89.8
Wilton Ribeiro DiasM35-39,BR,#342,15,40,40,34:18:00,2:28:48,1:22:29,4:29:39,96
Rafael MonteiroM35-39,BR,#276,257,919,1150,51:28:00,3:22:43,2:50:36,7:37:34,67.5
Rafael De Oliveira MachadoM35-39,BR,#269,72,210,219,33:37:00,2:31:56,1:49:01,5:01:48,89.6
Adriano Coluccini ChinagliaM35-39,BR,#50,232,793,962,37:21:00,3:09:20,2:29:24,6:28:22,75.8
Alejandro Orellana SilvaM35-39,MX,#55,30,90,92,38:49:00,2:23:38,1:33:31,4:42:27,93.4
Diogo Ronza BentoM35-39,BR,#119,177,593,671,37:05:00,2:49:03,2:18:27,5:50:05,81.3
Davi BrazM35-39,BR,#113,13,37,37,32:09:00,2:16:49,1:34:41,4:28:13,96.4
Adriano FroesM35-39,BR,#51,68,191,198,32:04:00,2:30:01,1:51:13,4:59:21,90
Marcelo SanvicenteM35-39,BR,#239,87,248,259,36:43:00,2:38:36,1:46:55,5:07:53,88.4
Rafael LuzziM35-39,BR,#275,164,549,618,36:56:00,2:33:28,2:28:05,5:45:29,82.1
Bruno VeronezzeM35-39,BR,#92,149,485,534,45:17:00,2:35:33,2:07:45,5:36:59,83.4
Hugo Iver Vasconcelos GoncalvesM35-39,BR,#168,190,638,733,43:45:00,2:47:20,2:16:34,5:56:08,80.4
Bruno Vieira RodriguesM35-39,BR,#84,147,483,531,33:08:00,2:39:28,2:16:12,5:36:36,83.5
Brunno Leonardo Araújo OliveiraM35-39,BR,#83,220,751,898,44:40:00,2:58:52,2:26:25,6:17:26,77.3
Fabio DantasM35-39,BR,#134,176,592,670,46:39:00,2:51:56,2:01:33,5:49:56,81.4
Thomas RobertoM35-39,BR,#316,228,775,937,48:41:00,3:08:30,2:15:47,6:22:47,76.6
Jorge ZambiaziM35-39,BR,#191,226,772,929,34:50:00,2:46:19,2:50:06,6:21:52,76.7
Wagner Sobral Da SilvaM35-39,BR,#334,117,371,402,40:36:00,2:38:01,2:01:25,5:23:49,85.6
Joiro De Souza AraújoM35-39,BR,#187,110,338,363,40:30:00,2:30:04,2:04:26,5:20:32,86.2
Thiago MohanaM35-39",BR,#314,3,6,6,28:19:00,2:14:03,1:29:08,4:14:51,99.4
Marcelo Riytiro MaeharaM35-39,BR,#1282,183,613,697,47:43:00,2:46:03,2:13:57,5:53:03,80.9
Fernando Duarte SantanaM35-39,BR,#141,165,553,623,39:39:00,2:49:16,2:06:19,5:45:49,82
Lourival SilvaM35-39,BR,#217,46,129,135,35:17:00,2:26:04,1:44:23,4:50:07,91.8
Thiago MachadoM35-39,BR,#313,17,42,42,34:42:00,2:18:40,1:31:47,4:30:02,96
Italo Jader Loiola BatistaM35-39,BR,#171,93,267,282,45:00:00,2:34:57,1:46:15,5:10:46,87.9
Leandro DaroitM35-39,BR,#204,114,363,393,40:41:00,2:33:51,2:03:24,5:22:49,85.8
Ricardo LamogliaM35-39,BR,#288,11,29,29,28:53:00,2:20:11,1:32:51,4:26:01,96.8
Francis Miller SilvaM35-39,BR,#148,52,138,144,37:55:00,2:24:18,1:44:29,4:52:20,91.4
Breno NoronhaM35-39,BR,#80,132,430,467,42:59:00,2:50:59,1:47:59,5:29:12,84.7
Ariel LenharoM35-39,BR,#75,59,159,166,30:15:00,2:36:34,1:43:48,4:55:04,90.9
Herman DantasM35-39,BR,#167,20,59,60,32:19:00,2:12:21,1:46:14,4:36:09,94.7
Pedro Daniel De Oliveira Lins FilhoM35-39,BR,#266,50,136,142,39:53:00,2:29:13,1:38:00,4:51:36,91.5
Paulo Mendonça SilvaM35-39,BR,#263,193,646,744,47:55:00,2:46:24,2:15:37,5:57:21,80.2
Rafael Duque Vieira De MelloM35-39,BR,#270,223,761,913,41:56:00,3:12:17,2:16:53,6:18:49,77.1
Kenned FilhoM35-39,BR,#200,37,105,108,30:19:00,2:25:28,1:45:57,4:45:09,92.8
Tiago Medeiros CamposM35-39,BR,#319,179,597,676,40:49:00,2:52:44,2:10:47,5:50:34,81.3
Vicente PerroneM35-39,BR,#325,104,304,326,30:23:00,2:36:45,2:01:30,5:16:14,86.9
Wesley CostaM35-39,BR,#338,235,814,994,53:23:00,3:17:01,2:11:43,6:32:54,75.2
Ruy FachiniM35-39,BR,#299,23,67,68,34:26:00,2:28:42,1:30:41,4:37:50,94.3
Felipe L Luz CagaliM35-39,BR,#139,39,109,112,32:30:00,2:21:23,1:48:19,4:46:09,92.6
Luiz Fernando Dos Santos Junior SantosM35-39,BR,#229,156,509,563,55:20:00,2:38:23,2:00:03,5:39:41,83
Philippe DornellasM35-39,BR,#267,170,569,644,40:45:00,2:52:21,2:08:32,5:47:14,81.8
Joao Xavier NetoM35-39,BR,#185,16,41,41,34:15:00,2:13:16,1:38:18,4:29:53,96
Alberto Vieto Machado ScaloppeM35-39,BR,#53,109,333,357,40:40:00,2:31:16,1:58:50,5:19:32,86.4
Victor Joh HanM35-39,BR,#326,102,300,320,31:12:00,2:28:48,2:09:35,5:15:28,87.1
Everton TeixeiraM35-39,BR,#130,243,837,1031,39:56:00,2:59:36,2:54:40,6:41:38,74.1
Fábio Vasconcelos AquinoM35-39,BR,#133,138,445,485,41:39:00,2:42:25,2:01:21,5:31:32,84.3
Leandro De Carvalho PintoM35-39,BR,#205,36,100,103,29:23:00,2:28:21,1:43:31,4:44:20,93
Bruno GrassiM35-39,BR,#90,198,658,759,44:50:00,2:55:27,2:13:13,5:59:09,80
Lucio Rezende NetoM35-39,BR,#223,144,477,525,39:09:00,2:53:49,1:55:53,5:36:08,83.6
Jose Alberto Rendon CrespoM35-39,BO,#192,184,618,706,30:58:00,2:52:06,2:24:07,5:53:34,80.8
Andres RolandelliM35-39,AR,#72,211,731,864,42:14:00,3:07:03,2:14:31,6:12:32,78
João Paulo FonsecaM35-39,BR,#183,89,250,261,35:42:00,2:24:13,2:00:24,5:07:59,88.4
Cleiton TavaresM35-39,BR,#103,196,656,756,1:04:06,2:35:25,2:11:36,5:58:57,80
João Marcello Novaes Do Nascimento BaptistaM35-39,BR,#179,24,68,69,27:54:00,2:26:02,1:39:10,4:37:59,94.3
João Paulo Moreira DinizM35-39,BR,#184,105,311,333,37:40:00,2:44:10,1:50:37,5:16:48,86.8
Bruno GoisM35-39,BR,#89,181,609,692,32:38:00,2:47:36,2:24:20,5:52:32,81
Anderson Pitta Lopes De AbreuM35-39,BR,#62,245,844,1039,37:58:00,3:20:12,2:34:13,6:44:02,73.8
Luiz AlmeidaM35-39,BR,#227,158,530,591,38:22:00,2:53:46,2:04:51,5:42:21,82.5
Romulo SouzaM35-39,BR,#296,112,346,372,35:40:00,2:38:54,1:59:37,5:21:00,86.1
Samuel SpagnulM35-39,BR,#300,101,299,319,35:18:00,2:37:02,1:55:57,5:15:22,87.1
Fernando RolandelliM35-39,AR,#143,100,297,316,32:04:00,2:44:16,1:54:33,5:15:16,87.1
Matheus FroesM35-39,BR,#249,67,189,196,38:05:00,2:29:24,1:45:53,4:58:52,90.1
Carlos RuhlM35-39,BR,#101,241,827,1015,44:29:00,3:09:09,2:35:46,6:36:58,74.7
José Brasiliano De Oliveira NetoM35-39,BR,#194,123,387,419,35:27:00,2:31:55,2:11:59,5:25:30,85.3
Antonio MartinsM35-39,BR,#74,40,111,114,35:48:00,2:28:29,1:38:46,4:46:32,92.5
Felipe KanawatiM35-39,BR,#138,239,824,1008,42:59:00,3:23:23,2:22:28,6:35:57,74.8
Glauber MarianoM35-39,BR,#155,81,229,239,28:03:00,2:36:12,1:55:19,5:04:54,89
Rafael HaddadM35-39,BR,#273,90,252,263,32:28:00,2:37:12,1:52:02,5:08:04,88.4
Vinícius PaivaM35-39,BR,#332,80,227,237,37:06:00,2:22:47,1:59:59,5:04:48,89
Ricardo SchultzM35-39,BR,#286,79,225,235,34:10:00,2:22:51,2:02:13,5:04:37,89
Regis FirminoM35-39,BR,#281,227,774,936,48:21:00,3:06:00,2:21:38,6:22:43,76.6
Alexandre MendonçaM35-39,BR,#57,66,186,193,32:43:00,2:27:39,1:51:39,4:58:42,90.2
Guilherme Motta LuizM35-39,BR,#159,205,690,801,44:04:00,3:00:29,2:12:46,6:04:26,79.2
Guilherme CrivelaroM35-39,BR,#157,26,77,79,30:45:00,2:27:05,1:38:34,4:40:58,93.7
Daniel De Alencar Macedo DutraM35-39,BR,#108,230,789,957,46:17:00,3:02:29,2:31:08,6:27:18,75.9
João MarianoM35-39,BR,#180,71,203,211,34:42:00,2:33:37,1:49:20,5:00:50,89.8
Zenildo Magalhaes Juca JuniorM35-39,BR,#343,139,447,487,41:44:00,2:51:19,1:51:48,5:31:39,84.3
Antonio FortunatoM35-39,BR,#73,167,556,626,52:27:00,2:51:05,1:56:08,5:46:00,82
Lucas Matos FernandesM35-39,BR,#220,34,94,96,37:51:00,2:26:13,1:34:28,4:43:16,93.2
Luis Felipe Tapia TruccoM35-39,CL,#225,253,885,1095,48:29:00,3:05:13,3:01:38,7:01:51,71.5
Luiz Felipe Gonçalves DibM35-39,BR,#228,168,559,629,40:17:00,3:00:54,1:59:25,5:46:14,81.9
Rafael Stambassi BastosM35-39,BR,#277,48,131,137,33:24:00,2:24:32,1:48:11,4:50:38,91.7
Jonas Araujo De AndradeM35-39,BR,#188,41,113,116,42:34:00,2:16:18,1:41:09,4:46:50,92.5
Caligo Rocha BrasilM35-39,BR,#95,65,178,185,32:24:00,2:30:24,1:49:00,4:57:34,90.4
Marcos SalamaM35-39,ES,#244,219,749,894,42:10:00,2:57:05,2:26:42,6:16:52,77.4
Jefferson MarianoM35-39,BR,#174,55,147,153,35:23:00,2:31:11,1:39:32,4:53:16,91.2
Leandro CruzM35-39,BR,#202,212,733,868,52:14:00,2:59:06,2:15:32,6:13:22,77.9
Mário MariuttiM35-39,BR,#248,122,386,418,35:01:00,2:44:57,1:57:15,5:25:27,85.3
Alexandre SimõesM35-39,BR,#58,174,587,664,42:02:00,2:40:52,2:18:24,5:49:26,81.4
Almir De Araújo Penaforte Jr.M35-39,BR,#59,233,799,970,44:37:00,3:20:37,2:15:22,6:29:17,75.7
Luiz Rafael PereiraM35-39,BR,#230,187,628,719,38:56:00,3:03:34,2:06:33,5:54:39,80.6
Joao NetoM35-39,BR,#182,137,442,481,47:01:00,2:37:16,1:57:36,5:30:32,84.5
Marcio Abreu Ferreira Da CunhaM35-39,BR,#241,106,312,334,35:29:00,2:37:30,1:58:02,5:16:50,86.8
Rodrigo PintoM35-39,BR,#294,59,159,166,35:05:00,2:30:23,1:44:36,4:55:04,90.9
Marcelo Cabral De OliveiraM35-39,BR,#234,248,873,1079,36:45:00,3:05:18,3:04:10,6:56:51,72.2
Leonardo Santedicola AndradeM35-39,BR,#215,31,91,93,31:20:00,2:16:46,1:49:59,4:42:35,93.3
Clélio Fernandes CurveloM35-39,BR,#104,195,654,754,37:55:00,2:53:12,2:19:52,5:58:26,80.1
Victor SatoM35-39,BR,#327,83,232,242,--:--,2:34:32,1:45:26,5:05:27,88.9
Octavio PereiraM35-39,BR,#258,209,720,845,35:43:00,2:56:46,2:31:25,6:10:18,78.3
Aldo A Neubern Toledo JrM35-39,BR,#54,237,820,1002,49:56:00,3:00:29,2:35:13,6:33:56,75.1
Leandro GrippoM35-39,BR,#208,8,19,19,27:14:00,2:19:41,1:28:49,4:21:21,97.9
Julio ArdenghiM35-39,BR,#198,161,544,610,38:48:00,2:46:06,2:11:41,5:44:09,82.3
Thales MadeiroM35-39,BR,#307,256,909,1137,43:11:00,3:22:35,3:05:50,7:23:16,69.1
Germano LincolnM35-39,BR,#153,99,292,309,33:21:00,2:31:58,2:02:36,5:13:39,87.4
Alvaro Tosta SilvaM35-39,BR,#60,119,374,405,34:24:00,2:28:54,2:11:01,5:23:57,85.6
Joaquim Da Rocha CavalcantiM35-39,BR,#186,250,878,1085,36:55:00,3:10:58,2:55:29,6:58:09,72
Patrick MartelliM35-39,BR,#261,171,581,657,38:53:00,2:36:19,2:25:52,5:48:50,81.5
Rodrigo AntunesM35-39,BR,#293,141,453,496,41:35:00,2:36:52,2:07:08,5:32:12,84.2
Eduardo Gardilcic DuranM35-39,CL,#124,178,595,674,40:53:00,2:46:14,2:13:38,5:50:12,81.3
Filipe Vila NovaM35-39,BR,#146,94,269,284,33:59:00,2:24:33,2:08:36,5:11:02,87.9
Renato WittM35-39,BR,#283,103,303,325,36:03:00,2:33:45,2:00:51,5:16:12,86.9
Leonardo Verissimo CarreraM35-39,BR,#213,148,484,532,45:46:00,2:43:11,1:59:56,5:36:37,83.5
Leandro Ferreira SilvaM35-39,BR,#206,165,553,623,42:14:00,2:51:14,2:05:39,5:45:49,82
Morone Miguel NetoM35-39",BR,#255,2,3,3,29:46:00,2:15:49,1:19:30,4:07:45,101
Felipe B S SiqueiraM35-39,BR,#136,204,688,799,40:02:00,--:--,--:--,6:04:09,
Luciano NavarroM35-39,BR,#222,129,411,444,43:01:00,2:34:18,2:01:58,5:27:26,85
Carlos ArrutiM35-39,BR,#99,111,340,365,29:20:00,2:46:46,1:57:38,5:20:40,86.2
Thiago LimaM35-39,BR,#312,85,239,250,41:48:00,2:33:47,1:44:44,5:06:21,88.7
Andre L J G MatiasM35-39,BR,#69,86,246,257,32:19:00,2:28:18,2:01:28,5:07:43,88.5
Julio Silva DiazM35-39,CL,#199,151,488,537,35:33:00,2:41:40,2:12:19,5:37:14,83.4
Túlio JunqueiraM35-39,BR,#321,157,517,576,39:56:00,2:42:00,2:12:58,5:40:59,82.8
Vilson Rodrigues Silveira JuniorM35-39,BR,#330,91,254,267,37:44:00,2:34:17,1:51:31,5:08:39,88.3
Felipe GuedesM35-39,BR,#137,7,18,18,26:06:00,2:16:47,1:34:50,4:21:19,97.9
Walter SanchezM35-39,UY,#336,56,149,155,39:41:00,2:26:15,1:42:32,4:53:23,91.2
Enderson MaiaM35-39,BR,#127,251,880,1087,57:06:00,3:16:53,2:35:25,6:58:59,71.9
Raphael YoshimuraM35-39,BR,#279,192,642,737,43:20:00,2:57:29,2:09:00,5:56:53,80.3
Bruno Chacon BrandaoM35-39,BR,#85,70,202,210,32:31:00,2:32:05,1:50:08,5:00:39,89.8
Carlos Rafael BertoliniM35-39,BR,#100,120,376,408,37:01:00,2:41:50,1:59:57,5:24:07,85.6
Everton CorreiaM35-39,BR,#129,242,833,1026,58:00:00,3:12:44,2:21:15,6:40:08,74.3
Sebastien DujetM35-39,BR,#303,222,760,910,47:47:00,2:58:47,2:23:58,6:18:23,77.2
Georges Oliva De OliveiraM35-39,BR,#152,31,91,93,31:29:00,2:27:47,1:38:29,4:42:35,93.3
Edgar YuiM35-39,BR,#122,197,657,758,52:22:00,2:36:08,2:22:36,5:59:01,80
Cesar Garcia PavãoM35-39,BR,#102,49,133,139,29:18:00,2:30:59,1:46:38,4:50:45,91.7
Eduardo LopesM35-39,BR,#125,231,790,958,34:25:00,3:21:59,2:19:53,6:27:38,75.9
Marcelo NunesM35-39,BR,#1372,200,667,772,44:03:00,2:49:31,2:18:40,6:00:06,79.8
Mauro Brito BrandaoM35-39,BR,#253,28,86,88,30:19:00,2:27:15,1:39:08,4:41:51,93.5
Jeysel MartinsM35-39,BR,#177,128,401,433,40:16:00,2:38:42,2:02:04,5:26:31,85.2
Velber XavierM35-39,BR,#324,225,769,925,41:53:00,2:55:40,2:35:11,6:21:03,76.8
Henrique VerasM35-39,BR,#166,29,89,91,31:59:00,2:29:29,1:35:32,4:42:18,93.4
Walter TarradellesM35-39,BO,#337,162,545,611,50:21:00,2:33:34,2:12:36,5:44:13,82.3
Paulo José RaimundoM35-39,BR,#262,236,815,995,50:18:00,3:14:49,2:16:16,6:33:02,75.2
Anderson CostaM35-39,BR,#63,18,48,48,32:28:00,2:24:23,1:29:47,4:30:36,95.8
Thiago OliveiraM35-39,BR,#315,58,158,165,30:16:00,2:30:15,1:49:40,4:54:48,90.9
Leandro Freire De AraujoM35-39,BR,#207,216,744,886,44:13:00,2:59:52,2:23:59,6:16:02,77.5
Rafael FerreiraM35-39,BR,#271,42,119,123,32:34:00,2:35:01,1:36:06,4:47:55,92.3
Cleverton MassuquetoM35-39,BR,#105,21,64,65,33:33:00,2:23:01,1:36:19,4:37:00,94.5
Jose Alexandre LemosM35-39,BR,#193,97,284,300,32:01:00,2:35:14,2:00:50,5:12:50,87.5
Thiago Dos Santos FonsecaM35-39,BR,#311,163,546,612,41:22:00,2:42:37,2:14:23,5:44:21,82.2
Jorge Gomez UbillaM35-39,CL,#189,73,212,221,35:30:00,2:26:11,1:55:00,5:01:57,89.5
Thiago AraujoM35-39,BR,#308,155,500,550,39:07:00,2:48:21,2:05:28,5:38:09,83.2
Paulo Schmidt PimentelM35-39,BR,#264,247,863,1063,46:01:00,3:08:00,2:44:33,6:52:27,72.7
Andre BellaguardaM35-39,BR,#66,9,21,21,29:43:00,2:16:17,1:32:16,4:22:01,97.7
Glauber ParenteM35-39,BR,#156,249,875,1082,52:25:00,3:04:53,2:50:38,6:57:19,72.1
Ricardo RamiresM35-39,BR,#290,44,123,127,34:13:00,2:22:14,1:45:12,4:49:08,92
Jefferson Tavares NobreM35-39,BR,#175,159,533,594,39:57:00,2:35:25,2:20:43,5:42:34,82.5
Marcus Vinicius Almeida JrM35-39,BR,#246,191,641,736,36:55:00,3:05:50,2:07:26,5:56:42,80.3
Ricardo CoutinhoM35-39,BR,#287,12,31,31,29:54:00,2:19:44,1:32:16,4:26:25,96.8
Rafael Craviee FonsecaM35-39,BR,#268,252,883,1092,45:15:00,3:17:24,2:51:15,7:01:10,71.6
Dayvson Araújo De LucenaM35-39,BR,#116,108,330,354,40:02:00,2:35:07,1:56:20,5:19:09,86.4
Airton SilvaM35-39,BR,#52,188,631,722,48:34:00,2:39:57,2:21:07,5:55:02,80.6
Jefferson Hideo AcaquiM35-39,BR,#176,185,621,710,38:33:00,2:54:20,2:12:08,5:53:51,80.8
Emilio LannaM35-39,BR,#126,116,369,400,32:18:00,2:50:48,1:55:37,5:23:39,85.6
Victor SouzaM35-39,BR,#328,84,236,246,37:15:00,2:36:53,1:46:48,5:05:46,88.8
Daniel CalazansM35-39,BR,#110,113,358,387,37:44:00,2:34:57,2:04:49,5:22:09,85.9
Leomar Da Silva Santos JúniorM35-39,BR,#212,172,583,659,37:55:00,2:36:32,2:28:03,5:48:56,81.5
Tiago DaltroM35-39,BR,#318,150,486,535,44:12:00,2:44:10,2:01:13,5:37:00,83.4
Manuel González DomingoM35-39,CL,#232,203,685,793,46:16:00,3:06:51,2:02:33,6:03:33,79.3
Fabrício OliveiraM35-39,BR,#724,43,122,126,34:57:00,2:21:34,1:44:12,4:48:57,92.1
Mauro MirandaM35-39,BR,#254,202,683,791,45:01:00,2:40:05,2:31:51,6:03:32,79.3
Maurício Dorneles MarquesM35-39,BR,#251,180,606,689,40:50:00,2:48:23,2:15:28,5:52:04,81
Nelson StoflerM35-39,AR,#257,124,388,420,37:48:00,2:51:58,1:51:09,5:25:45,85.3
Marcus Vinícius Oliveira SantosM35-39,BR,#247,63,168,175,38:33:00,2:37:14,1:34:40,4:56:50,90.5
Raphael Martiniano DiasM35-39,BR,#278,254,903,1124,46:49:00,3:33:49,2:45:01,7:17:21,69.7
Douglas MenonM35-39,BR,#120,169,567,642,41:03:00,2:31:54,2:22:47,5:47:06,81.8
Lucas HasimotoM35-39,BR,#219,206,694,810,49:03:00,3:05:43,2:01:35,6:05:58,78.9
Wilson SilvaM35-39,BR,#341,136,441,479,38:20:00,2:38:48,2:06:44,5:30:20,84.5
Bruno ColussiM35-39,AR,#86,218,747,891,39:17:00,3:03:10,2:27:49,6:16:31,77.4
Ricardo DenysM35-39,BR,#285,77,217,226,40:06:00,2:30:33,1:46:12,5:02:24,89.5
Rene OliveiraM35-39,BR,#284,130,413,446,42:12:00,2:46:39,1:47:36,5:27:30,85
Daniel Guedes GomesM35-39,BR,#109,14,38,38,36:19:00,2:17:10,1:31:20,4:28:15,96.4
Rony TavoraM35-39,BR,#298,98,288,305,42:21:00,2:27:40,1:56:38,5:13:19,87.5
Alexandre WinandyM35-39,BR,#1393,160,541,604,40:09:00,2:47:33,2:09:42,5:43:39,82.3
Pedro Elias FadulM35-39,PY,#265,35,97,100,32:24:00,2:27:40,1:39:39,4:43:52,93.1
Andre VilhenaM35-39,BR,#70,88,249,260,35:18:00,2:37:11,1:48:21,5:07:54,88.4
Jiri Balarezo Del ValleM35-39,PE,#178,224,767,923,37:25:00,3:08:52,2:26:26,6:20:57,76.8
Marcus AlvesM35-39,BR,#245,143,470,518,39:23:00,2:48:40,1:59:58,5:35:39,83.6
Bruno LessaM35-39,BR,#91,74,214,223,31:39:00,2:32:44,1:53:19,5:02:09,89.5
Mauricio Ignacio Cadin RodriguezM35-39,CL,#252,64,176,183,37:36:00,2:30:27,1:44:17,4:57:20,90.4
Dyego Januário JanuarioM35-39,BR,#121,33,93,95,34:51:00,2:27:37,1:35:51,4:42:58,93.3
Marcelo SouzaM35-39,BR,#240,189,635,727,45:05:00,2:46:31,2:16:26,5:55:39,80.5
Wallace AraujoM35-39,BR,#335,152,491,540,41:00:00,2:48:11,2:02:45,5:37:26,83.3
Matt BrownM35-39,US,#250,51,137,143,31:35:00,2:32:18,1:44:21,4:52:12,91.4
Guilherme TorresM35-39,BR,#161,154,493,542,31:46:00,2:34:30,2:24:10,5:37:36,83.3
Caio ValliM35-39,BR,#93,244,842,1037,32:48:00,2:48:28,3:14:46,6:43:14,73.9
Tiago Haag OcanhaM35-39,BR,#320,175,589,666,39:02:00,3:01:13,2:03:30,5:49:37,81.4
Izequiel FerreiraM35-39,BR,#173,255,908,1136,1:19:17,3:18:12,2:36:28,7:22:09,69.2
Alysson CalheirosM35-39,BR,#61,142,459,503,42:05:00,2:41:01,1:56:56,5:33:59,83.9
Fabricio OliveraM40-44,UY,#429,49,219,228,31:51:00,2:25:29,2:01:06,5:03:04,88.3
Ivo AraujoM40-44,BR,#456,163,757,907,45:53:00,2:58:11,2:24:12,6:18:05,76.1
Guilherme SteinmetzM40-44,BR,#441,82,379,411,41:58:00,2:54:12,1:41:45,5:24:27,84.4
Juliano AugustoM40-44,BR,#478,75,355,384,34:12:00,2:22:08,2:21:58,5:21:54,84.9
Ivan Neris De Alencar BatistaM40-44,BR,#455,104,482,530,37:39:00,3:02:21,1:50:24,5:36:32,82.4
Isaac BertuolM40-44,BR,#452,145,666,771,51:51:00,2:51:30,2:07:23,5:59:58,78.8
Rodrigo SpinosaM40-44,BR,#553,178,853,1048,47:34:00,3:03:44,2:48:49,6:47:32,72.2
Lucimar Dos Santos AngelimM40-44,BR,#490,101,472,520,40:07:00,2:51:29,1:58:54,5:35:50,82.5
Ivan Ataide Alves PereiraM40-44,BR,#454,147,691,804,42:08:00,3:02:38,2:07:37,6:05:01,78
Ney Angelo SoaresM40-44,BR,#511,114,526,586,41:53:00,2:48:21,1:59:30,5:41:49,81.6
Ricardo SilvaM40-44,BR,#537,151,713,835,41:16:00,2:57:11,2:22:52,6:09:14,77.4
Daniel OdonM40-44,BR,#400,146,676,783,38:55:00,2:59:28,2:15:18,6:01:27,78.5
Alexandro Jose PereiraM40-44,BR,#361,194,911,1141,42:53:00,3:27:52,3:04:26,7:25:43,67.7
Ricardo TonettiM40-44,BR,#538,24,114,117,28:58:00,2:26:30,1:46:22,4:46:52,91.4
Gustavo DimasM40-44,BR,#443,66,326,349,33:10:00,2:41:18,1:58:15,5:18:26,85.5
Carlos Leopoldo Godoy IlhaM40-44,BR,#387,52,233,243,31:57:00,2:37:57,1:50:05,5:05:35,87.8
Reinaldo CarinhanhaM40-44,BR,#530,162,750,895,48:03:00,2:58:22,2:19:54,6:17:02,76.3
Jorge Cals Coelho FilhoM40-44,BR,#467,29,125,129,28:18:00,2:30:42,1:45:33,4:49:22,90.9
Alexandre DonattiM40-44,BR,#355,67,329,353,34:48:00,2:37:53,1:59:31,5:19:08,85.4
Celso SakakuraM40-44,BR,#391,37,166,173,28:54:00,2:25:11,1:58:16,4:56:44,89.5
Luis Fernando AlmeidaM40-44,BR,#492,38,170,177,34:36:00,2:20:55,1:56:36,4:56:55,89.5
Paulo César NunesM40-44,BR,#518,161,748,892,47:55:00,2:57:09,2:21:42,6:16:39,76.3
Helio FariasM40-44,BR,#449,142,660,762,36:20:00,2:48:07,2:29:04,5:59:24,78.8
Glauber LimaM40-44,BR,#438,13,57,57,33:17:00,2:19:49,1:36:23,4:35:22,93.8
Denis MartinsM40-44,BR,#407,12,53,53,32:20:00,2:28:21,1:29:05,4:33:46,94.2
Fernando AndradeM40-44,BR,#431,9,39,39,32:47:00,2:23:08,1:28:41,4:29:22,95.1
Christiano NavesM40-44,BR,#392,132,590,667,37:49:00,2:45:50,2:20:21,5:49:39,80.3
Rodrigo CalfaM40-44,BR,#545,192,894,1110,51:23:00,2:54:25,3:10:01,7:09:09,69.6
Jeferson HeinlikM40-44,BR,#460,62,314,336,36:23:00,2:38:37,1:52:44,5:16:51,85.8
Tony AndradeM40-44,BR,#563,95,444,484,39:37:00,2:50:37,1:53:13,5:31:22,83.3
Ronney RamysM40-44,BR,#554,96,454,497,35:08:00,2:33:02,2:17:16,5:32:15,83.1
Leandro AbrahãoM40-44,BR,#482,68,334,358,40:22:00,2:28:01,2:05:25,5:19:40,85.3
Danniel CurveloM40-44,BR,#402,65,325,348,34:09:00,2:40:19,2:00:35,5:18:24,85.5
Carlos JuniorM40-44,BR,#1409,36,162,169,31:31:00,2:19:26,2:00:15,4:56:00,89.6
Pedro Charbel De Camargo Bom MeihyM40-44,BR,#522,140,647,746,43:11:00,2:50:38,2:15:15,5:57:48,79.1
Rodrigo PementaM40-44,BR,#550,102,475,523,43:06:00,2:36:07,2:09:34,5:36:02,82.5
Celso Melo De FreitasM40-44,BR,#390,98,457,501,47:33:00,2:27:02,2:11:28,5:33:05,83
Luiz FabregatM40-44,BR,#493,154,718,842,41:15:00,2:55:23,2:23:24,6:09:45,77.3
Enrique GoessensM40-44,UY,#421,141,648,747,39:57:00,3:06:53,2:02:31,5:57:53,79.1
Júlio César Cunha MarquesM40-44,BR,#479,91,426,463,44:38:00,2:36:33,1:59:14,5:28:51,83.7
André LopesM40-44,BR,#369,138,633,724,42:15:00,2:49:19,2:18:39,5:55:13,79.5
Átilla SalesM40-44,BR,#376,129,557,627,37:38:00,2:59:23,2:01:14,5:46:10,80.9
João Paulo Pinheiro FreireM40-44,BR,#464,27,118,122,42:51:00,2:17:45,1:42:34,4:47:39,91.3
Leonel GonzalezM40-44,AR,#486,123,542,608,36:12:00,2:48:04,2:14:17,5:44:02,81.2
Daniel OliveiraM40-44,BR,#401,159,734,869,30:50:00,2:58:05,2:37:45,6:13:31,76.8
Renato VallerM40-44,BR,#534,125,550,619,28:25:00,2:37:08,2:32:23,5:45:30,81
Jean O AngeloM40-44,BR,#459,10,45,45,34:38:00,2:19:03,1:32:58,4:30:31,94.8
Paulo Sergio BarrosM40-44,BR,#520,30,140,146,38:36:00,2:39:00,1:29:59,4:52:26,90.3
Elenilson Tavares De Lima TilitM40-44,BR,#419,43,186,193,37:44:00,2:26:31,1:48:40,4:58:42,89.1
Anderson FreireM40-44,BR,#364,112,523,582,38:55:00,2:55:25,1:58:00,5:41:17,81.7
Marcos HallackM40-44,BR,#501,15,66,67,26:31:00,2:23:14,1:43:49,4:37:37,93.3
Wellington Rodrigues LimaM40-44,BR,#568,78,365,396,38:15:00,2:40:33,1:57:20,5:23:14,84.7
Oliver Roberto Cabrera CasanobaM40-44,PY,#515,188,888,1102,56:56:00,3:12:06,2:46:42,7:05:41,70
Guilherme NehemyM40-44,BR,#440,28,120,124,34:12:00,2:20:10,1:48:28,4:48:16,91.2
Marcio RodriguesM40-44,BR,#498,128,555,625,35:38:00,2:48:02,2:15:27,5:45:53,80.9
Rafael MacielM40-44,BR,#523,31,143,149,33:26:00,2:33:51,1:40:31,4:52:44,90.3
Paulo StehlingM40-44,BR,#521,77,360,389,35:02:00,2:32:57,2:08:05,5:22:18,84.8
Rodrigo PiqueM40-44,BR,#551,121,536,597,33:01:00,2:44:33,2:18:31,5:42:48,81.4
Alexandre De Oliveira LopesM40-44,BR,#354,106,501,551,33:16:00,2:40:35,2:14:56,5:38:13,82.1
Israel LebreM40-44,BR,#453,72,348,374,37:09:00,2:35:20,2:01:32,5:21:06,85
Leandro SendãoM40-44,BR,#483,69,335,360,36:25:00,2:21:38,2:17:20,5:19:47,85.3
Carlos Eduardo AlencarM40-44,BR,#1375,40,173,180,29:16:00,2:24:38,1:59:20,4:57:04,89.4
Elton CunhaM40-44,BR,#420,14,58,59,37:41:00,2:24:25,1:29:12,4:35:52,93.7
Eduardo Peixoto FilhoM40-44,BR,#416,167,791,960,50:15:00,2:57:24,2:30:48,6:27:58,74.8
Arthur SassiM40-44,BR,#374,71,345,370,45:00:00,3:12:03,1:06:24,5:20:52,85.1
Rodrigo Dionizio GiacomelliM40-44,BR,#547,136,616,704,48:10:00,2:50:37,2:08:48,5:53:28,79.7
Alberto Jorge Fontan JuniorM40-44,BR,#349,133,594,673,42:31:00,2:40:45,2:19:02,5:50:10,80.3
Alex SantosM40-44,BR,#353,174,840,1034,54:06:00,3:00:41,2:30:38,6:42:29,72.9
Celio Eduardo Coelho Da SilvaM40-44,BR,#389,168,803,976,40:51:00,2:54:56,2:44:36,6:30:08,74.5
Diego German GelosM40-44,AR,#408,33,149,155,37:12:00,2:26:35,1:45:06,4:53:23,90.1
Arthur FerrazM40-44",BR,#373,2,13,13,26:51:00,2:14:22,1:33:21,4:17:30,97.8
Paulo RochaM40-44,BR,#519,58,290,307,42:52:00,2:43:08,1:43:14,5:13:26,86.4
Renato CordeiroM40-44,BR,#532,134,602,685,40:04:00,3:01:55,1:59:44,5:51:30,80
Juan AbalM40-44,UY,#477,74,353,382,36:35:00,2:32:11,2:07:42,5:21:50,84.9
Thales Catunda De CastroM40-44,BR,#1396,87,414,447,36:09:00,2:40:50,2:04:40,5:27:32,83.9
Edson Gutemberg De Sousa FilhoM40-44,BR,#414,126,551,621,41:58:00,2:44:29,2:09:30,5:45:37,81
Átila AndradeM40-44,BR,#375,157,728,856,37:56:00,2:52:50,2:34:34,6:11:23,77.1
Rodrigo CletoM40-44,BR,#546,63,317,339,37:54:00,2:29:45,2:04:46,5:17:02,85.7
Jefferson SilvaM40-44,BR,#461,99,461,506,42:30:00,2:35:27,2:07:13,5:34:12,82.8
Jordi NadalM40-44,BR,#466,73,351,377,36:25:00,2:28:09,2:09:24,5:21:15,85
Mauricio SchonenbergerM40-44,BR,#507,127,552,622,42:18:00,2:53:02,2:00:35,5:45:48,80.9
Fabiano ContiM40-44,BR,#425,100,471,519,34:45:00,2:31:19,2:24:13,5:35:43,82.6
Marcio M MarcelinoM40-44,BR,#496,17,80,82,29:31:00,2:23:29,1:43:07,4:41:15,92.6
Brenno LacerdaM40-44,BR,#379,92,428,465,41:00:00,2:43:55,1:58:25,5:29:09,83.6
Sebastian SubercaseauxM40-44,CL,#555,153,715,838,50:27:00,2:53:01,2:17:53,6:09:29,77.4
Ramon SoaresM40-44,BR,#527,176,851,1046,42:55:00,3:04:36,2:48:50,6:46:32,72.4
José BelarminoM40-44",BR,#470,1,1,1,25:18:00,2:11:15,1:21:30,4:01:18,101.6
Paulo Bauab PuzzoM40-44,BR,#517,193,899,1118,35:12:00,3:29:17,2:55:51,7:14:23,69
Alexandre Porto De AraujoM40-44,BR,#358,190,892,1108,50:38:00,3:14:24,2:56:04,7:08:34,69.7
Bruno Silva BittencourtM40-44,BR,#380,109,506,560,45:14:00,2:34:14,2:11:46,5:39:26,82
Bruno Jaime Santos SilveiraM40-44,BR,#1405,183,866,1066,39:54:00,3:14:35,2:51:07,6:52:44,71.6
Eugenio Costa De OliveiraM40-44,BR,#423,103,476,524,44:32:00,2:39:50,2:01:23,5:36:06,82.5
Alexandro AyalaM40-44,UY,#360,25,115,118,36:10:00,2:30:43,1:35:29,4:47:06,91.4
Ricardo Rolim TavaresM40-44,BR,#536,94,443,482,47:29:00,2:49:49,1:46:49,5:30:40,83.4
Francisco MoralesM40-44,CL,#435,130,560,633,45:24:00,2:41:34,2:09:49,5:46:22,80.8
Anderson Silva DamascenoM40-44,BR,#365,44,194,201,31:57:00,2:25:34,1:56:23,4:59:45,88.9
Vinicius De LucaM40-44,BR,#564,23,108,111,32:55:00,2:31:21,1:36:51,4:45:51,91.6
Alexandre StaffaM40-44,BR,#359,113,525,585,41:32:00,2:45:43,2:08:36,5:41:30,81.6
Gustavo DorellaM40-44,BR,#444,54,240,251,35:35:00,2:30:34,1:53:58,5:06:29,87.6
João Luis RadichewskiM40-44,BR,#463,80,370,401,35:25:00,2:39:30,2:03:03,5:23:48,84.6
jose valenzuelaM40-44,CL,#474,70,344,369,39:05:00,2:30:02,2:07:17,5:20:50,85.1
Rodrigo MartinsM40-44,BR,#543,64,320,342,38:18:00,2:47:01,1:41:56,5:17:34,85.6
Francinilson Domingos De AraujoM40-44,BR,#433,173,838,1032,44:35:00,3:26:42,2:22:59,6:41:39,73
Alejandro Guzman TroncosoM40-44,CL,#350,76,356,385,40:11:00,2:45:36,1:47:17,5:22:01,84.9
Gutemberg BritoM40-44,BR,#447,48,218,227,38:31:00,2:35:39,1:42:41,5:02:52,88.3
Flavio Vicente Penha PimentaM40-44,BR,#432,88,417,450,42:19:00,2:36:37,2:01:59,5:27:49,83.9
Marcos CastroM40-44,BR,#499,181,858,1057,45:45:00,3:02:12,2:51:36,6:51:07,71.8
Amom Pereira Da CruzM40-44,BR,#363,97,455,498,41:16:00,2:33:48,2:11:58,5:32:37,83.1
Rafael RibeiroM40-44,BR,#524,16,70,71,30:37:00,2:21:19,1:43:41,4:38:51,93.1
Davison Sant´anaM40-44,BR,#406,45,199,207,37:23:00,2:28:08,1:50:26,5:00:15,88.8
Adriano BastosM40-44,BR,#345,6,24,24,32:49:00,2:23:07,1:25:19,4:24:26,96.2
Marcus Luiz Melo PortelaM40-44,BR,#1391,171,832,1024,38:32:00,3:10:33,2:36:26,6:39:32,73.3
David GuimarãesM40-44,BR,#404,152,714,836,42:41:00,3:03:02,2:12:01,6:09:20,77.4
Fabricio CampolinaM40-44,BR,#427,195,917,1148,45:13:00,3:48:28,2:45:26,7:36:19,66.6
Jurandyr FernandesM40-44,BR,#481,144,665,769,35:21:00,2:50:14,2:26:23,5:59:48,78.8
Leonardo GomesM40-44,BR,#485,115,527,587,35:37:00,2:47:28,2:13:56,5:41:51,81.6
Eder Jose FarinaM40-44,BR,#410,110,516,575,41:26:00,3:05:18,1:47:24,5:40:55,81.7
André VianaM40-44,BR,#367,86,408,441,34:12:00,2:45:32,1:59:46,5:27:12,84
Luis Alfredo EscabaM40-44,AR,#491,179,854,1049,40:37:00,3:10:00,2:48:38,6:49:34,72
Alex Francis CarvalhoM40-44,BR,#352,184,869,1072,53:59:00,3:08:46,2:40:11,6:55:31,71.3
Steve RochaM40-44,BR,#559,118,531,592,45:33:00,2:44:02,2:06:17,5:42:28,81.5
Daniel BiaggioM40-44,BR,#399,46,205,214,34:57:00,2:28:40,1:53:15,5:01:00,88.7
Ademir SousaM40-44,BR,#344,59,306,328,38:25:00,2:41:20,1:52:33,5:16:28,85.8
Lelio BalarezoM40-44,PE,#484,108,505,558,35:44:00,2:35:22,2:22:27,5:39:09,82
Matias Ezequiel GonzalezM40-44,AR,#506,155,722,849,41:55:00,3:18:52,2:04:41,6:10:48,77.2
Agriberton OliveiraM40-44,BR,#346,164,762,915,52:35:00,3:00:24,2:19:17,6:18:54,76
Luiz Marcelo De Lima JuniorM40-44,BR,#1398,55,258,273,36:05:00,2:32:01,1:58:54,5:09:45,87
Thiago LopesM40-44,BR,#562,93,431,468,38:17:00,2:45:55,1:58:46,5:29:32,83.6
Mário Frederico PereiraM40-44,BR,#503,26,116,119,35:11:00,2:23:31,1:44:57,4:47:07,91.4
Jone Santos CostaM40-44,BR,#465,8,32,32,28:52:00,2:15:40,1:38:04,4:26:51,95.7
Diogo Fernandes GranjaM40-44,BR,#409,189,890,1106,49:45:00,3:11:11,2:54:09,7:07:22,69.8
Mariel CostaM40-44,BR,#502,83,395,427,29:04:00,2:36:00,2:15:39,5:26:15,84.1
Rodolfo González G.M40-44,PY,#542,47,207,216,55:53:00,3:25:10,27:28:00,5:01:18,88.6
Raphael SanchezM40-44,BR,#528,90,424,461,41:22:00,2:42:44,1:56:51,5:28:35,83.7
Claudio Tadashi SatoM40-44,BR,#394,11,46,46,31:52:00,2:18:42,1:35:57,4:30:34,94.8
Fabiano Barroso Araujo MirandaM40-44,BR,#424,198,925,1159,1:03:45,3:38:05,2:51:04,7:45:12,65.7
Igo Alves ConceiçãoM40-44,BR,#451,149,701,819,41:58:00,2:48:05,2:27:40,6:07:40,77.6
Edi AragãoM40-44,BR,#412,85,398,430,44:35:00,2:45:47,1:47:48,5:26:23,84.1
Rodrigo Silva FelipeM40-44,BR,#548,111,521,580,49:31:00,2:49:49,1:51:34,5:41:06,81.7
Alan Takao Gonçalves HasegawaM40-44,BR,#348,186,877,1084,34:33:00,3:37:58,2:40:01,6:57:57,71
Luciano FocáM40-44,BR,#487,18,83,85,30:25:00,2:27:48,1:39:23,4:41:37,92.5
Carlos Henrique ZacaroM40-44,BR,#385,34,151,157,35:07:00,2:27:56,1:45:39,4:53:34,90.1
Guilherme Borges CosciaM40-44,BR,#439,84,397,429,40:03:00,2:40:46,1:57:41,5:26:17,84.1
André SellM40-44,BR,#366,156,727,854,39:58:00,2:36:33,2:47:55,6:11:13,77.1
Marcelo CaoM40-44",AR,#494,3,14,14,22:08,2:24:24,1:28:39,4:19:22,97.3
Mauro AbdallaM40-44,BR,#508,148,692,806,33:05:00,3:01:51,2:23:20,6:05:19,78
Luciano SaboleskiM40-44,BR,#489,185,876,1083,46:13:00,3:18:26,2:42:17,6:57:46,71
Andre Luis TanjoniM40-44,BR,#370,191,893,1109,47:11:00,3:39:44,2:32:37,7:08:58,69.6
Noberto BarrosM40-44,BR,#514,53,234,244,32:43:00,2:43:06,1:43:31,5:05:36,87.8
José Alfredo Rezende SilvaM40-44,BR,#476,20,88,90,38:04:00,2:21:52,1:37:29,4:42:17,92.4
Fabrizio BorsatoM40-44,BR,#1376,41,182,189,28:13:00,2:23:39,2:01:12,4:58:16,89.2
Carlos Cesar RamosM40-44,BR,#383,38,170,177,32:49:00,2:29:31,1:47:13,4:56:55,89.5
José Edson Alves JuniorM40-44,BR,#471,57,273,288,43:49:00,2:36:46,1:45:29,5:11:42,86.7
Nicolas ZanoniM40-44,AR,#513,81,378,410,40:55:00,2:42:42,1:54:34,5:24:18,84.5
João Gustavo Mendes Alves PintoM40-44,BR,#462,117,529,589,38:10:00,2:51:47,2:05:49,5:42:13,81.5
Rodrigo Reno StreyM40-44,BR,#552,170,816,996,49:30:00,3:06:55,2:23:36,6:33:10,74.1
Davi MeihyM40-44,BR,#403,131,564,638,37:15:00,2:40:11,2:22:44,5:46:44,80.8
Vinicius Meirelles BarrettoM40-44,BR,#565,107,503,555,46:12:00,2:49:57,1:55:14,5:38:53,82
Marcio Roberto Brito Da SilvaM40-44,BR,#497,139,634,725,45:33:00,2:47:40,2:12:54,5:55:22,79.5
Augusto Cesar Carvalho BarcelosM40-44,BR,#377,135,607,690,34:28:00,2:40:16,2:30:16,5:52:05,80
Alexandre PaivaM40-44,BR,#356,166,777,942,38:02:00,2:58:13,2:37:47,6:23:08,75.4
Aloisio Vieira FernandesM40-44,BR,#362,61,310,332,42:06:00,2:39:11,1:47:26,5:16:45,85.8
Alexandre PetrecaM40-44,BR,#357,105,495,544,42:30:00,2:43:12,2:04:45,5:37:42,82.2
Bernardo LincolnM40-44,BR,#378,56,259,274,35:23:00,2:36:49,1:51:37,5:09:58,87
Japur Daniel Conter De AlmeidaM40-44,BR,#458,122,540,603,44:39:00,2:44:09,2:09:18,5:43:29,81.3
Carlos Eduardo De Barros SeneM40-44,BR,#384,60,308,330,41:32:00,2:30:06,1:59:57,5:16:35,85.8
Julius Novais BomfimM40-44,BR,#480,42,184,191,33:06:00,2:29:25,1:51:43,4:58:24,89.2
Damiao Leonardo CaetanoM40-44,BR,#398,165,770,926,41:30:00,2:53:03,2:38:23,6:21:04,75.7
Mateus VidigalM40-44,BR,#505,4,15,15,25:39:00,2:14:40,1:34:49,4:20:00,97.2
Fabricio Jose Pinto DiasM40-44,BR,#428,196,918,1149,37:19:00,3:31:50,3:12:37,7:36:34,66.6
Jorge MiraM40-44,BR,#468,158,732,866,38:43:00,3:11:35,2:12:38,6:12:56,76.9
Vinicius RegoM40-44,BR,#566,182,861,1061,38:57:00,3:07:31,2:53:31,6:51:58,71.7
Marcos FujikawaM40-44,BR,#500,180,857,1053,49:57:00,3:10:25,2:44:11,6:50:10,71.9
Bruno AlbuquerqueM40-44,BR,#381,119,532,593,40:39:00,2:42:03,2:09:49,5:42:31,81.5
Valdéres Moraes AlmeidaM40-44,BR,#1392,19,87,89,32:32:00,2:25:59,1:39:55,4:41:53,92.4
Aleixo Eloi Monteiro MoisesM40-44,BR,#510,89,419,452,34:09:00,2:45:28,2:02:39,5:28:08,83.8
Gustavo Monteiro De Barros ChodrauiM40-44,BR,#446,32,148,154,33:36:00,2:28:09,1:45:17,4:53:20,90.2
Ryosei FurusawaM40-44,JP,#1389,197,923,1157,50:23:00,3:37:52,2:59:59,7:42:08,66
Vinicius SantosM40-44,BR,#567,172,834,1027,37:54:00,3:16:15,2:25:16,6:40:09,73.2
Ediney Freitas RiosM40-44,BR,#413,160,739,876,44:54:00,2:52:54,2:30:15,6:14:19,76.7
Gustavo Flores GomesM40-44,BR,#445,143,664,767,35:28:00,2:44:36,2:30:57,5:59:45,78.8
Rafael Cabral Ribeiro Da SilvaM40-44,BR,#526,5,23,23,29:24:00,2:16:42,1:34:15,4:24:03,96.3
Frederico SchiliróM40-44,BR,#436,21,95,97,28:16:00,2:25:46,1:44:05,4:43:17,92.2
Marcelo SchwarzM40-44,BR,#495,50,222,231,37:42:00,2:34:48,1:42:42,5:03:41,88.2
Jose Baptista Santos NetoM40-44,BR,#469,7,30,30,32:27:00,2:22:48,1:26:56,4:26:20,95.8
Andre ApollonioM40-44,BR,#368,35,152,159,31:59:00,2:32:44,1:41:14,4:53:43,90.1
Renato Medeiros NettoM40-44,BR,#533,116,528,588,37:31:00,2:25:23,2:30:34,5:42:10,81.5
Giovani FirmoM40-44,BR,#437,177,852,1047,51:00:00,3:00:53,2:45:22,6:47:00,72.3
Matias López PaullierM40-44,UY,#1400,79,366,397,33:47:00,2:48:35,1:54:13,5:23:16,84.7
Gustavo DefendiM40-44,BR,#442,150,710,832,46:17:00,3:01:07,2:12:57,6:09:02,77.4
Bruno CataoM40-44,BR,#382,51,226,236,31:42:00,2:29:13,1:58:32,5:04:47,88
Erivelto OvidioM40-44,BR,#422,120,534,595,47:53:00,2:40:11,2:08:02,5:42:37,81.4
Cristiano GoncalvesM40-44,BR,#396,124,543,609,38:33:00,2:50:21,2:07:37,5:44:03,81.2
Klayton RibeiroM40-44,BR,#1395,169,812,990,45:37:00,3:13:54,2:18:39,6:32:45,74.1
Jackson BorgesM40-44,BR,#457,22,96,99,32:41:00,2:32:37,1:33:53,4:43:46,92.1
Cássio AlmeidaM40-44,BR,#388,175,846,1041,52:44:00,3:01:34,2:38:01,6:44:38,72.6
Felipe Leite BarretoM40-44,BR,#430,137,632,723,33:44:00,2:35:05,2:35:16,5:55:07,79.5
Claudio CarvalhoM40-44,BR,#393,187,879,1086,57:01:00,3:12:37,2:31:45,6:58:31,70.9
Andre BiancoM45-49,BR,#582,37,307,329,31:43:00,2:36:44,2:02:10,5:16:30,88.8
Joao VasconcelosM45-49,BR,#640,89,671,778,41:22:00,3:03:21,2:08:29,6:01:07,81.5
Hans TrautmannM45-49,CL,#631,49,418,451,40:32:00,2:26:29,2:15:22,5:28:02,86.8
Edson VasconcelosM45-49,BR,#605,111,807,983,39:58:00,3:10:38,2:30:12,6:31:16,77.2
Juarez JuniorM45-49,BR,#651,103,753,901,47:05:00,2:55:09,2:26:21,6:17:39,79.1
Joao FuentesM45-49,BR,#635,29,261,276,35:32:00,2:30:20,1:59:32,5:10:20,90
Roberto ChaconM45-49,BR,#697,68,522,581,37:40:00,2:40:03,2:15:01,5:41:09,84.6
Baldo GrcicM45-49,UY,#591,35,294,312,36:25:00,2:31:30,1:58:35,5:14:03,89.3
Josemildo Trigueiro Da Silva JrM45-49,BR,#650,6,69,70,25:33:00,2:33:08,1:34:47,4:38:04,96.3
Ramiro GodinhoM45-49,BR,#694,41,318,340,35:25:00,2:33:43,2:01:20,5:17:06,88.7
Guinther BadessaM45-49,BR,#627,81,610,693,45:14:00,2:46:25,2:15:14,5:52:40,82.8
José ReginaldoM45-49,BR,#642,33,281,297,38:24:00,2:35:55,1:54:16,5:12:29,89.6
Fabiano OrnelasM45-49,BR,#612,52,429,466,34:01:00,2:33:18,2:14:51,5:29:10,86.6
Marcos Santos Da SilvaM45-49,BR,#676,76,582,658,42:04:00,3:01:19,1:55:06,5:48:53,83.4
Matias FerreiraM45-49,BR,#678,126,870,1073,43:32:00,3:20:31,2:43:16,6:56:07,74
Alexandre LemosM45-49,BR,#577,114,817,998,42:09:00,3:03:49,2:34:11,6:33:16,76.9
Marco RibeiroM45-49,BR,#669,28,259,274,41:42:00,2:32:47,1:49:48,5:09:58,90
Carlos Roberto Simões Sene JuniorM45-49,BR,#596,73,563,637,36:46:00,2:51:58,2:10:20,5:46:37,83.8
Marcos Aurélio Costa GomesM45-49,BR,#673,117,829,1018,52:19:00,3:11:45,2:20:37,6:37:46,76.3
Nilton LeiteM45-49,BR,#684,17,173,180,41:30:00,2:32:24,1:36:22,4:57:04,92.5
Gustavo LoydeM45-49,BR,#1380,110,801,973,41:45:00,3:30:44,2:02:10,6:29:33,77.4
Vinicius Peretti GuimaraesM45-49,BR,#716,16,163,170,35:42:00,2:28:41,1:45:34,4:56:01,92.7
Luis BastosM45-49,BR,#658,95,699,817,37:27:00,2:41:52,2:38:54,6:07:05,80.6
Claudenir KatzwinkelM45-49,BR,#600,118,835,1028,39:38:00,2:59:28,2:53:37,6:40:13,76
Frederico LomarM45-49,BR,#626,97,703,822,34:51:00,2:39:59,2:44:45,6:07:57,80.5
Luiz Fernando De Paula AraujoM45-49,BR,#661,43,354,383,36:56:00,2:35:05,2:03:30,5:21:53,87.9
Alexis RockenbachM45-49,BR,#580,46,405,438,39:32:00,2:35:25,2:02:56,5:26:51,87
Alexandre BrandãoM45-49,BR,#576,119,836,1029,48:27:00,3:18:54,2:23:03,6:40:43,76
Rodrigo PiloniM45-49,UY,#699,42,319,341,33:45:00,2:40:21,1:56:27,5:17:13,88.7
Alessandro SilvaM45-49,BR,#574,19,191,198,34:54:00,2:35:34,1:44:20,4:59:21,92
Felipe De Camargo Bom MeihyM45-49,BR,#620,30,270,285,33:54:00,2:35:08,1:57:05,5:11:18,89.8
Chrystian Da SilvaM45-49,BR,#599,100,735,870,40:01:00,2:43:17,2:43:52,6:13:45,79.7
Valmir SigristM45-49,BR,#715,137,921,1155,52:43:00,3:33:36,3:01:43,7:41:37,68.7
Paulo VizacoM45-49,BR,#689,67,518,577,45:41:00,2:44:41,2:03:44,5:41:01,84.7
Sandro RodriguesM45-49,BR,#706,60,466,514,37:59:00,2:44:07,2:08:13,5:35:18,85.6
Elionai Dias SoaresM45-49,BR,#608,74,566,640,38:45:00,2:44:36,2:18:10,5:46:55,83.7
Bernardo LiguoriM45-49,AR,#593,8,74,76,35:01:00,2:21:28,1:39:18,4:39:47,96
Walter Javier PerugorriaM45-49,AR,#719,132,896,1114,53:29:00,3:01:09,3:09:45,7:10:49,72.2
Igor RibeiroM45-49,BR,#634,104,768,924,31:45:00,2:41:59,3:00:22,6:21:02,78.6
João MarinhoM45-49,BR,#638,23,211,220,37:44:00,2:31:38,1:47:21,5:01:55,91.5
Luis Andres Rodriguez FigueroaM45-49,UY,#586,38,312,334,38:01:00,2:29:55,2:03:20,5:16:50,88.8
João Guilherme ModeneseM45-49,BR,#636,85,638,733,35:32:00,2:34:58,2:40:20,5:56:08,82.3
Rafael FernandesM45-49,BR,#692,86,658,759,33:49:00,2:44:55,2:32:18,5:59:09,81.8
Luiz Eduardo De Almeida FerreiraM45-49,BR,#660,80,605,688,40:33:00,2:46:34,2:17:39,5:51:58,82.9
Marcio Alexandre DiasM45-49,BR,#666,11,112,115,35:00:00,2:22:20,1:43:45,4:46:46,94.5
Luis Carlos De Oliveira PortoM45-49,BR,#659,115,823,1007,46:38:00,3:06:01,2:35:52,6:35:52,76.6
Joaquim SchalchM45-49,BR,#641,56,455,498,39:10:00,2:29:35,2:12:03,5:32:37,86.1
Elivar OliveiraM45-49,BR,#609,54,436,473,37:37:00,2:49:55,1:55:36,5:29:38,86.6
Santiago RivielloM45-49,CL,#708,112,810,988,44:18:00,2:53:29,2:46:51,6:32:22,77.1
Alexandre Sanches MartinsM45-49,BR,#579,58,462,507,44:21:00,2:49:11,1:45:52,5:34:14,85.8
Mauricio Arcanjo De OliveiraM45-49,BR,#679,13,155,162,40:13:00,2:32:41,1:35:16,4:54:16,93
Pedro TrindadeM45-49,US,#691,9,78,80,34:01:00,2:19:58,1:42:35,4:40:59,95.7
Nicolas Weng KanM45-49,MG,#683,136,910,1140,52:35:00,3:25:45,2:58:00,7:25:31,70.5
Joao Marcos Castro Da SilvaM45-49,BR,#637,129,886,1096,42:46:00,3:19:18,2:48:07,7:02:49,73.2
Antonio Oliveira NetoM45-49,BR,#589,116,826,1013,37:51:00,2:51:31,2:57:53,6:36:24,76.5
Rodrigo StangerM45-49,BR,#701,40,316,338,35:04:00,2:37:37,1:56:16,5:16:57,88.8
Fabio Magalhães VerçosaM45-49,BR,#615,122,855,1050,48:44:00,3:11:09,2:40:36,6:49:40,74.8
André Ayruth BaluraM45-49,BR,#581,99,709,831,46:26:00,3:04:53,2:10:25,6:08:51,80.4
Dener Mallard JrM45-49,BR,#603,93,681,789,37:13:00,2:59:41,2:20:44,6:02:39,81.3
Carlos Jose Meneses SilvaM45-49,BR,#598,84,630,721,35:30:00,2:57:57,2:12:11,5:54:45,82.5
Alexandre LovecchioM45-49,BR,#578,47,409,442,35:07:00,2:29:47,2:17:11,5:27:17,87
Gustavo AraujoM45-49,BR,#628,92,677,784,38:20:00,2:55:09,2:17:26,6:01:45,81.4
Leandro MartinezM45-49,BR,#653,39,315,337,35:29:00,2:21:11,2:14:30,5:16:54,88.8
Eduardo Henrique Valença De FreitasM45-49,BR,#606,64,496,545,34:08:00,2:41:35,2:12:34,5:37:44,85.2
Paulo GomesM45-49,BR,#688,105,771,927,46:28:00,3:00:19,2:26:19,6:21:14,78.6
Marcelo TorresM45-49,BR,#665,44,357,386,38:41:00,2:33:02,2:02:58,5:22:06,87.9
Marcos Rogério RibeiroM45-49,BR,#675,90,672,779,43:57:00,2:38:26,2:31:50,6:01:08,81.5
Ricardo CaiubyM45-49",BR,#696,2,25,25,30:36:00,2:23:26,1:26:53,4:24:44,99.2
Waldemar Buffa FilhoM45-49,BR,#718,77,586,663,31:35:00,2:54:15,2:16:33,5:49:16,83.3
Ricardo Farina PiovesanM45-49,BR,#695,78,596,675,47:46:00,2:44:36,2:11:08,5:50:21,83.2
Marcos Castelo BrancoM45-49,BR,#674,4,52,52,25:41:00,2:17:58,1:44:25,4:33:37,97.3
Emerson CararaM45-49,BR,#610,20,196,204,37:05:00,2:24:53,1:53:16,4:59:59,91.9
Aparecido DalperioM45-49,BR,#590,66,506,560,41:51:00,2:46:59,2:01:23,5:39:26,84.9
Aldemir MontanheiM45-49,BR,#572,31,276,291,42:39:00,2:37:36,1:43:28,5:12:06,89.6
Alessandro TeixeiraM45-49,BR,#575,32,279,295,43:07:00,2:36:44,1:46:12,5:12:26,89.6
Flavio IzolanM45-49,BR,#624,130,888,1102,42:35:00,3:09:33,2:59:55,7:05:41,72.8
Mauricio GramaniM45-49,BR,#681,88,669,775,37:40:00,2:35:38,2:41:00,6:00:29,81.6
Rodrigo VendraminiM45-49,BR,#702,26,238,249,27:50:00,2:32:32,2:01:31,5:06:16,90.7
Lissandro SouzaM45-49,BR,#655,51,427,464,35:20:00,2:44:48,2:02:37,5:29:03,86.7
Bruno SantanaM45-49,BR,#595,63,489,538,42:58:00,2:42:38,2:03:02,5:37:20,85.3
Andre MartinsM45-49,BR,#585,24,228,238,34:40:00,2:37:12,1:45:29,5:04:52,91
Lucas AntonettiM45-49",AR,#656,1,12,12,28:40:00,2:19:18,1:25:36,4:17:22,100.9
Cristiano AguiarM45-49,BR,#601,124,863,1063,55:04:00,3:07:57,2:33:11,6:52:27,74.4
Fabio De Queiroz RigueiraM45-49,BR,#614,134,904,1127,35:25:00,3:10:34,3:26:03,7:17:41,71.4
Edson QueirozM45-49,BR,#604,108,784,952,51:30:00,3:01:44,2:19:09,6:25:27,78
Josemar Oliveira AlvesM45-49,BR,#649,7,72,74,35:10:00,2:26:13,1:32:37,4:39:18,96.1
Carlos Alexandre Silva NetoM45-49,BR,#597,50,425,462,41:04:00,2:44:30,1:57:02,5:28:36,86.7
Órion AscencioM45-49,BR,#685,57,458,502,36:53:00,2:34:05,2:14:31,5:33:17,85.9
Fausto PierreM45-49,BR,#618,79,599,680,44:19:00,2:40:08,2:17:42,5:50:55,83.1
Fabio Rodrigues PlanasM45-49,BR,#616,59,464,510,31:24:00,2:38:20,2:19:17,5:34:37,85.7
Maximiliano Mendes QuezadoM45-49,BR,#682,5,63,64,40:57:00,2:19:25,1:32:04,4:36:52,96.6
Pablo RodriguezM45-49,UY,#686,25,237,247,39:11:00,2:35:16,1:47:13,5:05:54,90.8
Rubens HenriquesM45-49,BR,#704,94,696,814,44:27:00,3:10:22,2:04:24,6:06:53,80.7
Andre Gustavo Stehling ChavesM45-49,BR,#584,125,865,1065,48:07:00,3:20:45,2:26:29,6:52:29,74.4
Marcelo Chahin NovilloM45-49,BO,#662,109,796,967,37:02:00,3:02:45,2:36:49,6:28:59,77.5
Fernando RibeiroM45-49,BR,#623,65,504,556,32:35:00,2:28:29,2:28:08,5:38:58,85
Walmir Ruthes JuniorM45-49,BR,#1402,21,197,205,35:38:00,2:38:49,1:41:46,5:00:01,91.9
Rogerio TsukudaM45-49,BR,#703,106,776,939,40:21:00,3:10:42,2:20:34,6:22:52,78.4
Gustavo DuarteM45-49,BR,#629,45,364,395,32:11:00,2:39:27,2:00:43,5:23:13,87.7
Gustavo Adolfo Tenorio Neto E SilvaM45-49,BR,#630,71,539,601,34:44:00,2:26:31,2:34:36,5:43:10,84.3
Hector Jose ArioniM45-49,AR,#632,121,848,1043,38:19:00,2:59:19,2:58:31,6:45:40,75.3
Antonio LucenaM45-49,BR,#587,14,157,164,34:23:00,2:28:14,1:46:24,4:54:26,93
Fernando Armani PicettiM45-49,BR,#621,98,704,825,51:14:00,3:00:31,2:06:18,6:08:19,80.4
Abner CostaM45-49,BR,#569,120,845,1040,43:48:00,3:07:21,2:46:20,6:44:19,75.5
Karim Hosam SalhaM45-49,BR,#652,10,102,105,31:45:00,2:30:26,1:37:06,4:44:42,94.9
Adriano Sanches MaschionM45-49,BR,#571,133,900,1119,57:36:00,3:21:29,2:41:13,7:14:38,71.8
Eduardo SilvaM45-49,BR,#607,53,432,469,39:07:00,2:35:14,2:08:53,5:29:33,86.6
Sergio Eduardo Da Purificação Rodrigues SantosM45-49,BR,#709,69,524,584,43:22:00,2:52:53,1:54:06,5:41:26,84.6
Jose Luis Morón PeñaM45-49,BO,#1382,127,871,1074,1:03:19,3:21:21,2:14:43,6:56:27,73.9
Fernando Henrique Do Nascimento LealM45-49,BR,#622,12,132,138,35:02:00,2:27:12,1:44:29,4:50:39,93.7
João Silva JuniorM45-49,BR,#639,82,612,696,32:02:00,3:02:57,2:09:17,5:52:57,82.8
Otávio FilhoM45-49",BR,#646,3,33,33,31:41:00,2:15:22,1:35:26,4:27:05,98.7
Hugo Cisternas AguileraM45-49,CL,#633,101,743,885,46:41:00,2:57:07,2:26:44,6:16:01,79.3
Adilson Falcão De Farias JuniorM45-49,BR,#570,96,700,818,40:32:00,2:58:11,2:21:00,6:07:08,80.6
José Sales NetoM45-49,BR,#648,135,907,1134,56:42:00,3:25:36,2:47:44,7:21:53,70.9
Marcelo Fernandes De Barros Costa AzevedoM45-49,BR,#663,87,663,765,37:44:00,2:45:52,2:28:08,5:59:38,81.7
Robinson S AmorimM45-49,BR,#698,123,862,1062,47:13:00,3:14:11,2:42:08,6:52:02,74.5
Beny Alexandre BarretoM45-49,BR,#592,107,779,946,37:49:00,3:09:53,2:27:57,6:24:00,78.2
Erick VasconcelosM45-49,BR,#611,36,302,323,32:21:00,2:27:31,2:09:07,5:15:41,89
Rafael Salvador VeneziaM45-49,AR,#693,131,891,1107,42:38:00,3:11:59,3:03:30,7:07:51,72.6
Marcio MoreiraM45-49,BR,#667,75,577,653,33:38:00,2:35:52,2:30:59,5:48:11,83.5
Alexandre De Jesus Dias DiasM45-49,BR,#1408,22,208,217,48:23:00,2:24:26,1:43:56,5:01:19,91.7
Pedro Adriano Leandro TeixeiraM45-49,BR,#690,91,673,780,41:06:00,2:43:40,2:27:25,6:01:12,81.5
José Nielson MoraesM45-49,BR,#645,62,468,516,46:20:00,2:45:26,1:56:13,5:35:31,85.6
Daniel Furquim Da Costa SantosM45-49,BR,#602,18,180,187,34:56:00,2:28:42,1:49:18,4:58:15,92.2
Marcelo PeralM45-49,BR,#664,70,535,596,43:00:00,2:48:11,2:02:50,5:42:47,84.4
Vagner Da Costa De SouzaM45-49,BR,#712,113,811,989,47:50:00,3:09:11,2:25:25,6:32:44,77
Andre FerrazM45-49,BR,#583,27,256,270,36:31:00,2:39:46,1:46:33,5:09:15,90.2
Jose Jayme Moraes JuniorM45-49,BR,#643,15,161,168,30:33:00,2:31:11,1:49:12,4:55:30,92.8
Martin FreedmanM45-49,AR,#677,83,619,708,33:00:00,3:07:47,2:06:25,5:53:43,82.6
Wagner Do Amaral SantosM45-49,BR,#717,72,561,634,38:37:00,2:33:13,2:28:05,5:46:26,83.8
Valdir MenezesM45-49,BR,#714,102,745,887,50:28:00,3:01:17,2:19:17,6:16:04,79.3
Mauricio Daniel CamargoM45-49,AR,#680,128,874,1081,56:01:00,3:18:07,2:32:42,6:56:53,73.9
Sandro PereiraM45-49,BR,#707,61,467,515,39:44:00,2:47:34,2:01:05,5:35:20,85.6
Telmo PereiraM45-49,BR,#711,138,922,1156,53:22:00,2:59:13,3:38:06,7:41:39,68.7
Marcos Afonso BeckerM45-49,BR,#671,55,440,478,42:16:00,2:40:19,2:02:09,5:30:00,86.5
Alejandro AguilarM45-49,BO,#573,48,410,443,41:13:00,2:36:19,2:02:09,5:27:18,87
Francisco DiazM45-49,CL,#625,34,282,298,33:33:00,2:30:30,2:03:40,5:12:39,89.5
Delarcos DelarcosM50-54,BR,#995,40,617,705,33:25:00,2:46:44,2:27:07,5:53:31,83.4
Luís Henrique Romani De CamposM50-54,BR,#1021,54,804,978,37:41:00,2:53:00,2:49:11,6:30:22,78
João Hipólito GarcezM50-54,BR,#1015,10,245,256,44:26:00,2:23:18,1:50:21,5:07:20,91.2
Amilton Da Cruz SantosM50-54,BR,#980,19,375,406,47:04:00,2:32:53,1:57:52,5:24:02,88.2
Sandro MagalhaesM50-54,BR,#1040,7,103,106,34:12:00,2:21:34,1:44:59,4:44:49,95.6
Marcelo Verissimo De MelloM50-54,BR,#1027,44,674,781,34:30:00,3:09:02,2:09:31,6:01:22,82.2
Anselmo Marcionilio AnjosM50-54,BR,#983,50,764,918,42:44:00,3:06:03,2:27:17,6:20:19,79.4
Gernot Stöger-KnesM50-54,AT,#1005,14,295,313,39:10:00,2:29:57,1:59:57,5:14:19,90
Jose Raul MogliaM50-54,AR,#1017,48,729,857,48:20:00,2:50:37,2:23:50,6:11:37,80.7
Oliveira JanairM50-54,BR,#1014,30,473,521,34:23:00,2:39:17,2:13:51,5:35:51,86.2
Alvaro OliveiraM50-54,BR,#979,16,339,364,45:54:00,2:32:31,1:55:53,5:20:33,88.8
Luiz Marcelo Negrini MattosM50-54,BR,#1023,25,432,469,44:03:00,2:32:29,2:07:25,5:29:33,87.3
André AraújoM50-54,BR,#981,18,347,373,37:46:00,2:44:46,1:49:02,5:21:04,88.8
Valter Salles Barbosa JuniorM50-54,BR,#1043,20,377,409,39:13:00,2:39:39,2:00:01,5:24:12,88.2
Yulli Roter MaiaM50-54,BR,#1048,35,548,616,33:53:00,2:49:46,2:14:24,5:45:09,84.7
Welinton RivoliM50-54,BR,#1046,9,241,252,35:04:00,2:34:55,1:53:27,5:07:05,91.3
Carlos Andres Chandia GodoyM50-54,CL,#988,43,668,774,35:02:00,2:56:29,2:21:15,6:00:27,82.3
Alexandre NunesM50-54,BR,#978,28,446,486,39:44:00,2:43:41,2:03:42,5:31:35,86.9
Samuel Buarque LinsM50-54,BR,#1039,52,780,947,49:24:00,3:11:14,2:11:31,6:24:06,78.9
Marcos CostaM50-54,BR,#1029,11,272,287,31:54:00,2:31:42,2:03:04,5:11:31,90.5
Pedro Luiz CerizeM50-54,BR,#1390,4,60,61,31:33:00,2:25:03,1:35:25,4:36:13,97.4
Arilson Vieira De Menezes MenezesM50-54,BR,#984,34,513,569,38:33:00,2:35:15,2:20:30,5:40:17,85.5
Marcos BorgesM50-54,BR,#1028,33,511,567,39:24:00,2:49:46,2:06:41,5:39:53,85.6
Fernando LuzM50-54,BR,#1002,42,643,738,33:44:00,2:49:17,2:28:11,5:56:54,82.9
Claudio Roberto Ferreira PintoM50-54,BR,#993,13,286,302,37:39:00,2:40:49,1:48:50,5:13:00,90.2
Cid Rickert Bauer JuniorM50-54,BR,#990,27,439,477,33:50:00,2:46:57,2:02:24,5:29:56,87.2
Jair AvansiM50-54,BR,#1013,61,928,1165,48:19:00,3:23:48,2:44:38,7:58:19,67.7
Eugenio AdaglioM50-54,AR,#1000,29,465,513,35:47:00,2:44:50,2:07:07,5:35:14,86.3
Claudio Diaz De VivarM50-54,PY,#992,22,400,432,35:10:00,2:43:46,2:01:53,5:26:28,87.8
Gustavo MacielM50-54,BR,#1008,24,420,454,33:22:00,2:31:36,2:16:34,5:28:19,87.5
Saulo Rabelo Lima VerdeM50-54",BR,#1041,1,34,34,32:37:00,2:23:47,1:26:09,4:27:15,99.3
Claudinei RecheM50-54,BR,#991,57,812,990,49:17:00,3:09:24,2:20:49,6:32:45,77.7
Leonardo NegreirosM50-54,BR,#1020,21,391,423,39:56:00,2:32:16,2:07:24,5:26:00,87.9
Gumercindo Pinto NetoM50-54,BR,#1007,39,578,654,36:31:00,2:37:33,2:25:11,5:48:21,84.2
Helder ValerioM50-54,BR,#1010,32,487,536,34:13:00,2:46:38,2:09:45,5:37:02,86
Albaro PedrazasM50-54,BO,#976,36,568,643,44:37:00,2:35:32,2:11:09,5:47:13,84.4
Jose Roberto MaiaM50-54,BR,#1018,56,809,986,42:50:00,3:06:05,2:35:58,6:31:44,77.9
Andrés Garrido FernándezM50-54,CL,#982,41,627,717,39:49:00,2:47:07,2:19:26,5:54:31,83.2
Helio Gussiardi JrM50-54,BR,#1011,51,766,922,43:39:00,2:52:14,2:36:16,6:20:50,79.4
Augusto Terranova RochaM50-54,BR,#987,60,916,1147,38:28:00,3:25:02,3:07:04,7:34:51,70.2
GUIDO EUGENIOM50-54,BR,#1006,12,275,290,38:32:00,2:36:57,1:51:28,5:12:01,90.4
Diego FreedmanM50-54,AR,#996,46,702,820,38:00:00,2:49:57,2:32:14,6:07:44,81.3
Augusto Cesar PocasM50-54",BR,#986,3,47,47,32:18:00,2:20:08,1:34:47,4:30:35,98.6
Ricardo SantosM50-54",BR,#1035,2,35,35,34:09:00,2:21:56,1:28:03,4:27:56,99.2
Miguel Angel Díaz GuervósM50-54,BR,#1030,17,341,366,32:33:00,2:42:59,1:57:05,5:20:41,88.8
Ubirajara Mendes Junior CâmaraM50-54,BR,#1042,38,574,649,34:21:00,2:41:03,2:25:34,5:47:49,84.3
Julio SoaresM50-54,BR,#1019,45,686,795,39:31:00,3:22:41,1:51:00,6:03:43,81.8
Luiz Claudio GragliaM50-54,BR,#1022,25,432,469,30:00:00,2:35:05,2:18:54,5:29:33,87.3
Alexandre LeiteM50-54,BR,#977,55,805,979,44:20:00,2:52:42,2:44:51,6:30:46,78
Pablo DuranteM50-54,AR,#1031,5,79,81,29:10:00,2:26:13,1:41:51,4:41:13,96.4
Waldir Justino Dos SantosM50-54,BR,#1044,23,402,435,40:19:00,2:39:36,2:01:00,5:26:42,87.8
Samuel BrandãoM50-54,BR,#1038,31,480,528,38:29:00,2:45:55,2:05:54,5:36:22,86.1
Augusto CamargoM50-54,BR,#985,47,712,834,38:00:00,2:51:27,2:34:16,6:09:10,81
Everson Luis FeixM50-54,BR,#1001,15,331,355,33:24:00,2:23:27,2:18:22,5:19:13,89.1
Mauro GiorchinoM50-54,BR,#1377,6,98,101,29:25:00,2:27:03,1:42:28,4:44:09,95.8
Dorival ModolonM50-54,BR,#997,49,759,909,38:02:00,2:42:09,2:51:24,6:18:13,79.7
Elice BatistaM50-54,BR,#999,8,135,141,34:48:00,2:28:31,1:43:22,4:51:22,94.3
Rogerio JaymeM50-54,BR,#1037,37,570,645,42:54:00,2:45:16,2:11:10,5:47:27,84.4
Welton RobertoM50-54,BR,#1047,53,781,948,51:13:00,3:03:43,2:11:47,6:24:10,78.9
Fernando QuinterosM50-54,AR,#1003,59,898,1117,46:03:00,3:11:18,3:00:14,7:13:45,72.6
Robson Natario SilveiraM50-54,BR,#1036,58,819,1000,41:59:00,2:49:30,2:52:32,6:33:25,77.6
Jose Vicente CorreiaM55-59,BR,#1064,20,758,908,45:49:00,3:14:03,2:11:23,6:18:09,85.1
Mario MolfinoM55-59,UY,#1069,9,502,553,43:47:00,2:38:30,2:09:59,5:38:35,91.2
José Luis Gómez De C.M55-59,CL,#1063,7,448,491,33:59:00,2:46:59,2:05:30,5:31:52,92.4
Thomas KirstenM55-59",BR,#1076,1,134,140,33:13:00,2:23:31,1:51:03,4:51:03,99.9
Antonio Carlos Vasconcelos CruzM55-59,BR,#1051,25,914,1145,1:04:00,3:32:17,2:35:32,7:29:51,75.8
Edison Ricardino BorgesM55-59,BR,#1056,24,913,1143,51:14:00,3:49:14,2:36:20,7:27:46,76
Marcelo Augusto De Oliveira FilhoM55-59,BR,#1068,5,403,436,33:34:00,2:52:39,1:57:04,5:26:46,93.3
Rodrigo SuritaM55-59,BR,#1074,16,680,788,39:03:00,3:00:46,2:15:59,6:02:30,87.4
Luiz Antonio FelipeM55-59,BR,#1066,10,576,652,44:20:00,2:50:45,2:06:28,5:47:59,89.7
Wellington Alencar AndradeM55-59,BR,#1077,19,755,905,51:55:00,3:01:34,2:14:52,6:17:59,85.1
Carlos Antonio RochaM55-59,BR,#1052,18,721,848,42:32:00,2:51:11,2:26:35,6:10:39,86.2
Eliseu BolognaniM55-59,BR,#1057,13,603,686,35:11:00,3:04:07,2:05:00,5:51:31,89.1
Jacques MirandaM55-59,BR,#1060,21,881,1090,50:16:00,3:13:24,2:47:08,6:59:53,79.4
Luiz Carlos Marinho SoaresM55-59,BR,#1067,11,579,655,54:11:00,2:46:58,2:01:21,5:48:27,89.6
Moacyr Flain Flain FilhoM55-59,BR,#1070,23,912,1142,49:34:00,3:33:50,2:51:09,7:25:44,76.3
Charles Albani DadamM55-59,BR,#1054,8,497,547,34:59:00,2:37:44,2:18:31,5:37:45,91.4
Francisco Carvalho JuniorM55-59",BR,#1058,2,178,185,33:28:00,2:28:25,1:50:31,4:57:34,98.6
Ruben Angel MartinM55-59,AR,#1075,15,679,787,39:31:00,2:59:24,2:16:57,6:02:24,87.4
Paulo Pereira BrandaoM55-59,BR,#1072,14,644,739,35:55:00,2:51:38,2:22:12,5:56:56,88.3
Luis Carlos StinchiM55-59,BR,#1065,17,716,840,37:56:00,2:53:04,2:32:31,6:09:35,86.3
Alejandro CotoM55-59,AR,#1049,4,391,423,43:18:00,2:38:02,1:57:29,5:26:00,93.4
Antonio Augusto AraujoM55-59,BR,#1374,12,601,682,49:15:00,2:44:20,2:09:31,5:51:08,89.2
Fabio ItoM55-59,BR,#1404,26,926,1160,52:09:00,3:31:00,3:12:39,7:47:16,73.8
Ney Robson Fialho BezerraM55-59,BR,#1071,6,423,459,37:52:00,2:45:55,1:56:41,5:28:31,92.9
José Américo Dos Santos RosaM55-59,BR,#1062,22,884,1094,47:03:00,3:29:56,2:35:21,7:01:45,79.2
Carlos VianaM55-59",BR,#1053,3,279,295,32:49:00,2:40:12,1:53:02,5:12:26,95.8
Alejandro Rodriguez ComasM60-64",BR,#1078,1,265,280,36:53:00,2:34:57,1:52:12,5:10:42,100
Paulo Farina JrM60-64,BR,#1388,4,737,873,45:55:00,3:10:26,2:08:40,6:14:04,89.1
Sergio Lobo PintoM60-64",BR,#1089,2,636,729,39:37:00,2:47:43,2:21:18,5:55:54,91.9
Ruy De QueirozM60-64,BR,#1088,8,856,1051,45:41:00,--:--,2:44:31,6:49:55,83.9
Paulo SantosM60-64",BR,#1087,3,649,749,42:45:00,3:06:39,2:02:14,5:57:56,91.6
João Batista BorgesM60-64,BR,#1082,5,773,935,47:32:00,3:19:39,2:06:35,6:22:42,87.8
Gus NavarroM60-64,AR,#1081,10,902,1123,49:34:00,3:23:56,2:54:25,7:17:10,80.4
Luiz CassemiroM60-64,BR,#1086,7,794,963,46:46:00,2:52:09,2:36:29,6:28:40,86.9
Louis Philippe Patrice De JonghM60-64,BR,#1085,6,792,961,51:41:00,3:17:54,2:10:07,6:28:09,87
Carlos Silva CannobbioM60-64,CL,#1080,9,860,1059,38:40:00,3:13:05,2:51:23,6:51:36,83.7
Kleber LeiteM60-64,BR,#1084,11,906,1132,59:32:00,3:40:16,2:30:59,7:21:21,79.8
Roberto AzevedoM65-69",BR,#1093,1,291,308,34:56:00,2:31:32,2:01:13,5:13:32,100
Ismar MarquesM65-69",BR,#1090,3,927,1163,1:07:40,3:55:30,2:31:10,7:48:38,78.2
Roberto SenaM65-69",BR,#1092,2,662,764,46:17:00,2:55:03,2:10:38,5:59:36,92.3
Hector ArruizM70-74",AR,#1095,1,901,1121,50:03:00,3:31:30,2:46:57,7:15:55,100
Leonardo CurveloPC,BR,#654,4,787,955,44:26:00,3:06:28,2:28:34,6:26:51,
José Auto Cavalcante NetoPC",BR,#1371,3,726,853,51:23:00,2:51:44,2:21:40,6:11:12,
Edson Dantas De OliveiraPC",BR,#998,1,412,445,41:51:00,2:45:34,1:55:45,5:27:28,
Jessica MPC",BR,#1147,2,98,743,45:51:00,3:31:44,1:21:22,5:57:15,